condition	feature_id	n_perturbations	n_up	n_down	n_const	p_up	p_down	p_const	dominant_state	ssi	stability_region	signal_class	stability_deviation
DES	RvY_00067-1	2	0	2	0	0	1	0	down	1	Highly Stable	Highly Stable Down	0
DES	RvY_00073-1	2	0	2	0	0	1	0	down	1	Highly Stable	Highly Stable Down	0
DES	RvY_00120-2	2	0	2	0	0	1	0	down	1	Highly Stable	Highly Stable Down	0
DES	RvY_00133-1	2	0	2	0	0	1	0	down	1	Highly Stable	Highly Stable Down	0
DES	RvY_00166-1	2	0	2	0	0	1	0	down	1	Highly Stable	Highly Stable Down	0
DES	RvY_00170-1	2	0	2	0	0	1	0	down	1	Highly Stable	Highly Stable Down	0
DES	RvY_00188-1	2	0	2	0	0	1	0	down	1	Highly Stable	Highly Stable Down	0
DES	RvY_00196-1	2	0	2	0	0	1	0	down	1	Highly Stable	Highly Stable Down	0
DES	RvY_00244	2	0	2	0	0	1	0	down	1	Highly Stable	Highly Stable Down	0
DES	RvY_00245-1	2	0	2	0	0	1	0	down	1	Highly Stable	Highly Stable Down	0
DES	RvY_00261-1	2	0	2	0	0	1	0	down	1	Highly Stable	Highly Stable Down	0
DES	RvY_00262	2	0	2	0	0	1	0	down	1	Highly Stable	Highly Stable Down	0
DES	RvY_00265-1	2	0	2	0	0	1	0	down	1	Highly Stable	Highly Stable Down	0
DES	RvY_00288-1	2	0	2	0	0	1	0	down	1	Highly Stable	Highly Stable Down	0
DES	RvY_00304-1	2	0	2	0	0	1	0	down	1	Highly Stable	Highly Stable Down	0
DES	RvY_00321-1	2	0	2	0	0	1	0	down	1	Highly Stable	Highly Stable Down	0
DES	RvY_00334-1	2	0	2	0	0	1	0	down	1	Highly Stable	Highly Stable Down	0
DES	RvY_00337-1	2	0	2	0	0	1	0	down	1	Highly Stable	Highly Stable Down	0
DES	RvY_00338-1	2	0	2	0	0	1	0	down	1	Highly Stable	Highly Stable Down	0
DES	RvY_00339-1	2	0	2	0	0	1	0	down	1	Highly Stable	Highly Stable Down	0
DES	RvY_00340-1	2	0	2	0	0	1	0	down	1	Highly Stable	Highly Stable Down	0
DES	RvY_00345-1	2	0	2	0	0	1	0	down	1	Highly Stable	Highly Stable Down	0
DES	RvY_00405	2	0	2	0	0	1	0	down	1	Highly Stable	Highly Stable Down	0
DES	RvY_00408-1	2	0	2	0	0	1	0	down	1	Highly Stable	Highly Stable Down	0
DES	RvY_00409-1	2	0	2	0	0	1	0	down	1	Highly Stable	Highly Stable Down	0
DES	RvY_00418-3	2	0	2	0	0	1	0	down	1	Highly Stable	Highly Stable Down	0
DES	RvY_00419-1	2	0	2	0	0	1	0	down	1	Highly Stable	Highly Stable Down	0
DES	RvY_00438-1	2	0	2	0	0	1	0	down	1	Highly Stable	Highly Stable Down	0
DES	RvY_00442-1	2	0	2	0	0	1	0	down	1	Highly Stable	Highly Stable Down	0
DES	RvY_00443-1	2	0	2	0	0	1	0	down	1	Highly Stable	Highly Stable Down	0
DES	RvY_00453-1	2	0	2	0	0	1	0	down	1	Highly Stable	Highly Stable Down	0
DES	RvY_00454	2	0	2	0	0	1	0	down	1	Highly Stable	Highly Stable Down	0
DES	RvY_00456-1	2	0	2	0	0	1	0	down	1	Highly Stable	Highly Stable Down	0
DES	RvY_00457-1	2	0	2	0	0	1	0	down	1	Highly Stable	Highly Stable Down	0
DES	RvY_00461-1	2	0	2	0	0	1	0	down	1	Highly Stable	Highly Stable Down	0
DES	RvY_00462-1	2	0	2	0	0	1	0	down	1	Highly Stable	Highly Stable Down	0
DES	RvY_00463-1	2	0	2	0	0	1	0	down	1	Highly Stable	Highly Stable Down	0
DES	RvY_00513	2	0	2	0	0	1	0	down	1	Highly Stable	Highly Stable Down	0
DES	RvY_00525-1	2	0	2	0	0	1	0	down	1	Highly Stable	Highly Stable Down	0
DES	RvY_00526-1	2	0	2	0	0	1	0	down	1	Highly Stable	Highly Stable Down	0
DES	RvY_00564-1	2	0	2	0	0	1	0	down	1	Highly Stable	Highly Stable Down	0
DES	RvY_00579-1	2	0	2	0	0	1	0	down	1	Highly Stable	Highly Stable Down	0
DES	RvY_00639-1	2	0	2	0	0	1	0	down	1	Highly Stable	Highly Stable Down	0
DES	RvY_00648-1	2	0	2	0	0	1	0	down	1	Highly Stable	Highly Stable Down	0
DES	RvY_00649-1	2	0	2	0	0	1	0	down	1	Highly Stable	Highly Stable Down	0
DES	RvY_00650-1	2	0	2	0	0	1	0	down	1	Highly Stable	Highly Stable Down	0
DES	RvY_00651-1	2	0	2	0	0	1	0	down	1	Highly Stable	Highly Stable Down	0
DES	RvY_00661	2	0	2	0	0	1	0	down	1	Highly Stable	Highly Stable Down	0
DES	RvY_00667-1	2	0	2	0	0	1	0	down	1	Highly Stable	Highly Stable Down	0
DES	RvY_00671-1	2	0	2	0	0	1	0	down	1	Highly Stable	Highly Stable Down	0
DES	RvY_00677-1	2	0	2	0	0	1	0	down	1	Highly Stable	Highly Stable Down	0
DES	RvY_00692-1	2	0	2	0	0	1	0	down	1	Highly Stable	Highly Stable Down	0
DES	RvY_00705-1	2	0	2	0	0	1	0	down	1	Highly Stable	Highly Stable Down	0
DES	RvY_00710-1	2	0	2	0	0	1	0	down	1	Highly Stable	Highly Stable Down	0
DES	RvY_00714	2	0	2	0	0	1	0	down	1	Highly Stable	Highly Stable Down	0
DES	RvY_00715-1	2	0	2	0	0	1	0	down	1	Highly Stable	Highly Stable Down	0
DES	RvY_00726-1	2	0	2	0	0	1	0	down	1	Highly Stable	Highly Stable Down	0
DES	RvY_00749-1	2	0	2	0	0	1	0	down	1	Highly Stable	Highly Stable Down	0
DES	RvY_00774-1	2	0	2	0	0	1	0	down	1	Highly Stable	Highly Stable Down	0
DES	RvY_00797-1	2	0	2	0	0	1	0	down	1	Highly Stable	Highly Stable Down	0
DES	RvY_00798-1	2	0	2	0	0	1	0	down	1	Highly Stable	Highly Stable Down	0
DES	RvY_00799-1	2	0	2	0	0	1	0	down	1	Highly Stable	Highly Stable Down	0
DES	RvY_00813-1	2	0	2	0	0	1	0	down	1	Highly Stable	Highly Stable Down	0
DES	RvY_00850	2	0	2	0	0	1	0	down	1	Highly Stable	Highly Stable Down	0
DES	RvY_00863-2	2	0	2	0	0	1	0	down	1	Highly Stable	Highly Stable Down	0
DES	RvY_00868-1	2	0	2	0	0	1	0	down	1	Highly Stable	Highly Stable Down	0
DES	RvY_00879-1	2	0	2	0	0	1	0	down	1	Highly Stable	Highly Stable Down	0
DES	RvY_00888-1	2	0	2	0	0	1	0	down	1	Highly Stable	Highly Stable Down	0
DES	RvY_00889-1	2	0	2	0	0	1	0	down	1	Highly Stable	Highly Stable Down	0
DES	RvY_00921-1	2	0	2	0	0	1	0	down	1	Highly Stable	Highly Stable Down	0
DES	RvY_00930-1	2	0	2	0	0	1	0	down	1	Highly Stable	Highly Stable Down	0
DES	RvY_00931-1	2	0	2	0	0	1	0	down	1	Highly Stable	Highly Stable Down	0
DES	RvY_00933-1	2	0	2	0	0	1	0	down	1	Highly Stable	Highly Stable Down	0
DES	RvY_00941-1	2	0	2	0	0	1	0	down	1	Highly Stable	Highly Stable Down	0
DES	RvY_00942-1	2	0	2	0	0	1	0	down	1	Highly Stable	Highly Stable Down	0
DES	RvY_00944-1	2	0	2	0	0	1	0	down	1	Highly Stable	Highly Stable Down	0
DES	RvY_00945-1	2	0	2	0	0	1	0	down	1	Highly Stable	Highly Stable Down	0
DES	RvY_00946-1	2	0	2	0	0	1	0	down	1	Highly Stable	Highly Stable Down	0
DES	RvY_00947-1	2	0	2	0	0	1	0	down	1	Highly Stable	Highly Stable Down	0
DES	RvY_00952-1	2	0	2	0	0	1	0	down	1	Highly Stable	Highly Stable Down	0
DES	RvY_00953	2	0	2	0	0	1	0	down	1	Highly Stable	Highly Stable Down	0
DES	RvY_00954-1	2	0	2	0	0	1	0	down	1	Highly Stable	Highly Stable Down	0
DES	RvY_00961-1	2	0	2	0	0	1	0	down	1	Highly Stable	Highly Stable Down	0
DES	RvY_00969-1	2	0	2	0	0	1	0	down	1	Highly Stable	Highly Stable Down	0
DES	RvY_00970-1	2	0	2	0	0	1	0	down	1	Highly Stable	Highly Stable Down	0
DES	RvY_00972-1	2	0	2	0	0	1	0	down	1	Highly Stable	Highly Stable Down	0
DES	RvY_01009-1	2	0	2	0	0	1	0	down	1	Highly Stable	Highly Stable Down	0
DES	RvY_01030-1	2	0	2	0	0	1	0	down	1	Highly Stable	Highly Stable Down	0
DES	RvY_01048-1	2	0	2	0	0	1	0	down	1	Highly Stable	Highly Stable Down	0
DES	RvY_01056-1	2	0	2	0	0	1	0	down	1	Highly Stable	Highly Stable Down	0
DES	RvY_01066-1	2	0	2	0	0	1	0	down	1	Highly Stable	Highly Stable Down	0
DES	RvY_01072-1	2	0	2	0	0	1	0	down	1	Highly Stable	Highly Stable Down	0
DES	RvY_01073-1	2	0	2	0	0	1	0	down	1	Highly Stable	Highly Stable Down	0
DES	RvY_01077-1	2	0	2	0	0	1	0	down	1	Highly Stable	Highly Stable Down	0
DES	RvY_01078-1	2	0	2	0	0	1	0	down	1	Highly Stable	Highly Stable Down	0
DES	RvY_01081-1	2	0	2	0	0	1	0	down	1	Highly Stable	Highly Stable Down	0
DES	RvY_01082	2	0	2	0	0	1	0	down	1	Highly Stable	Highly Stable Down	0
DES	RvY_01083-1	2	0	2	0	0	1	0	down	1	Highly Stable	Highly Stable Down	0
DES	RvY_01092-1	2	0	2	0	0	1	0	down	1	Highly Stable	Highly Stable Down	0
DES	RvY_01119-1	2	0	2	0	0	1	0	down	1	Highly Stable	Highly Stable Down	0
DES	RvY_00026-1	2	2	0	0	1	0	0	up	1	Highly Stable	Highly Stable Up	0
DES	RvY_00060-1	2	2	0	0	1	0	0	up	1	Highly Stable	Highly Stable Up	0
DES	RvY_00063-1	2	2	0	0	1	0	0	up	1	Highly Stable	Highly Stable Up	0
DES	RvY_00096-1	2	2	0	0	1	0	0	up	1	Highly Stable	Highly Stable Up	0
DES	RvY_00102-1	2	2	0	0	1	0	0	up	1	Highly Stable	Highly Stable Up	0
DES	RvY_00147	2	2	0	0	1	0	0	up	1	Highly Stable	Highly Stable Up	0
DES	RvY_00171-1	2	2	0	0	1	0	0	up	1	Highly Stable	Highly Stable Up	0
DES	RvY_00294-1	2	2	0	0	1	0	0	up	1	Highly Stable	Highly Stable Up	0
DES	RvY_00375-1	2	2	0	0	1	0	0	up	1	Highly Stable	Highly Stable Up	0
DES	RvY_00404-1	2	2	0	0	1	0	0	up	1	Highly Stable	Highly Stable Up	0
DES	RvY_00467-1	2	2	0	0	1	0	0	up	1	Highly Stable	Highly Stable Up	0
DES	RvY_00468-1	2	2	0	0	1	0	0	up	1	Highly Stable	Highly Stable Up	0
DES	RvY_00485-1	2	2	0	0	1	0	0	up	1	Highly Stable	Highly Stable Up	0
DES	RvY_00487-1	2	2	0	0	1	0	0	up	1	Highly Stable	Highly Stable Up	0
DES	RvY_00550-1	2	2	0	0	1	0	0	up	1	Highly Stable	Highly Stable Up	0
DES	RvY_00554-1	2	2	0	0	1	0	0	up	1	Highly Stable	Highly Stable Up	0
DES	RvY_00581-1	2	2	0	0	1	0	0	up	1	Highly Stable	Highly Stable Up	0
DES	RvY_00592-1	2	2	0	0	1	0	0	up	1	Highly Stable	Highly Stable Up	0
DES	RvY_00596-1	2	2	0	0	1	0	0	up	1	Highly Stable	Highly Stable Up	0
DES	RvY_00609-1	2	2	0	0	1	0	0	up	1	Highly Stable	Highly Stable Up	0
DES	RvY_00624-1	2	2	0	0	1	0	0	up	1	Highly Stable	Highly Stable Up	0
DES	RvY_00657-1	2	2	0	0	1	0	0	up	1	Highly Stable	Highly Stable Up	0
DES	RvY_00704-1	2	2	0	0	1	0	0	up	1	Highly Stable	Highly Stable Up	0
DES	RvY_00717-1	2	2	0	0	1	0	0	up	1	Highly Stable	Highly Stable Up	0
DES	RvY_00816	2	2	0	0	1	0	0	up	1	Highly Stable	Highly Stable Up	0
DES	RvY_00823	2	2	0	0	1	0	0	up	1	Highly Stable	Highly Stable Up	0
DES	RvY_00835-1	2	2	0	0	1	0	0	up	1	Highly Stable	Highly Stable Up	0
DES	RvY_00840-1	2	2	0	0	1	0	0	up	1	Highly Stable	Highly Stable Up	0
DES	RvY_00926-1	2	2	0	0	1	0	0	up	1	Highly Stable	Highly Stable Up	0
DES	RvY_00977-1	2	2	0	0	1	0	0	up	1	Highly Stable	Highly Stable Up	0
DES	RvY_00997-1	2	2	0	0	1	0	0	up	1	Highly Stable	Highly Stable Up	0
DES	RvY_01001-1	2	2	0	0	1	0	0	up	1	Highly Stable	Highly Stable Up	0
DES	RvY_01049-1	2	2	0	0	1	0	0	up	1	Highly Stable	Highly Stable Up	0
DES	RvY_01051	2	2	0	0	1	0	0	up	1	Highly Stable	Highly Stable Up	0
DES	RvY_01055-2	2	2	0	0	1	0	0	up	1	Highly Stable	Highly Stable Up	0
DES	RvY_01086-1	2	2	0	0	1	0	0	up	1	Highly Stable	Highly Stable Up	0
DES	RvY_01130-1	2	2	0	0	1	0	0	up	1	Highly Stable	Highly Stable Up	0
DES	RvY_01155-1	2	2	0	0	1	0	0	up	1	Highly Stable	Highly Stable Up	0
DES	RvY_01197-1	2	2	0	0	1	0	0	up	1	Highly Stable	Highly Stable Up	0
DES	RvY_01201-1	2	2	0	0	1	0	0	up	1	Highly Stable	Highly Stable Up	0
DES	RvY_01207-1	2	2	0	0	1	0	0	up	1	Highly Stable	Highly Stable Up	0
DES	RvY_01258	2	2	0	0	1	0	0	up	1	Highly Stable	Highly Stable Up	0
DES	RvY_01260	2	2	0	0	1	0	0	up	1	Highly Stable	Highly Stable Up	0
DES	RvY_01275-1	2	2	0	0	1	0	0	up	1	Highly Stable	Highly Stable Up	0
DES	RvY_01277	2	2	0	0	1	0	0	up	1	Highly Stable	Highly Stable Up	0
DES	RvY_01288	2	2	0	0	1	0	0	up	1	Highly Stable	Highly Stable Up	0
DES	RvY_01298	2	2	0	0	1	0	0	up	1	Highly Stable	Highly Stable Up	0
DES	RvY_01302	2	2	0	0	1	0	0	up	1	Highly Stable	Highly Stable Up	0
DES	RvY_01312-1	2	2	0	0	1	0	0	up	1	Highly Stable	Highly Stable Up	0
DES	RvY_01324-1	2	2	0	0	1	0	0	up	1	Highly Stable	Highly Stable Up	0
DES	RvY_01348-1	2	2	0	0	1	0	0	up	1	Highly Stable	Highly Stable Up	0
DES	RvY_01367-1	2	2	0	0	1	0	0	up	1	Highly Stable	Highly Stable Up	0
DES	RvY_01388-1	2	2	0	0	1	0	0	up	1	Highly Stable	Highly Stable Up	0
DES	RvY_01401-1	2	2	0	0	1	0	0	up	1	Highly Stable	Highly Stable Up	0
DES	RvY_01425-1	2	2	0	0	1	0	0	up	1	Highly Stable	Highly Stable Up	0
DES	RvY_01430-1	2	2	0	0	1	0	0	up	1	Highly Stable	Highly Stable Up	0
DES	RvY_01437-1	2	2	0	0	1	0	0	up	1	Highly Stable	Highly Stable Up	0
DES	RvY_01463-1	2	2	0	0	1	0	0	up	1	Highly Stable	Highly Stable Up	0
DES	RvY_01468-1	2	2	0	0	1	0	0	up	1	Highly Stable	Highly Stable Up	0
DES	RvY_01492-1	2	2	0	0	1	0	0	up	1	Highly Stable	Highly Stable Up	0
DES	RvY_01529-1	2	2	0	0	1	0	0	up	1	Highly Stable	Highly Stable Up	0
DES	RvY_01565-1	2	2	0	0	1	0	0	up	1	Highly Stable	Highly Stable Up	0
DES	RvY_01667-1	2	2	0	0	1	0	0	up	1	Highly Stable	Highly Stable Up	0
DES	RvY_01668-1	2	2	0	0	1	0	0	up	1	Highly Stable	Highly Stable Up	0
DES	RvY_01724	2	2	0	0	1	0	0	up	1	Highly Stable	Highly Stable Up	0
DES	RvY_01965-1	2	2	0	0	1	0	0	up	1	Highly Stable	Highly Stable Up	0
DES	RvY_01984-1	2	2	0	0	1	0	0	up	1	Highly Stable	Highly Stable Up	0
DES	RvY_02050-1	2	2	0	0	1	0	0	up	1	Highly Stable	Highly Stable Up	0
DES	RvY_02068-1	2	2	0	0	1	0	0	up	1	Highly Stable	Highly Stable Up	0
DES	RvY_02091	2	2	0	0	1	0	0	up	1	Highly Stable	Highly Stable Up	0
DES	RvY_02092-1	2	2	0	0	1	0	0	up	1	Highly Stable	Highly Stable Up	0
DES	RvY_02123-1	2	2	0	0	1	0	0	up	1	Highly Stable	Highly Stable Up	0
DES	RvY_02124-1	2	2	0	0	1	0	0	up	1	Highly Stable	Highly Stable Up	0
DES	RvY_02147-1	2	2	0	0	1	0	0	up	1	Highly Stable	Highly Stable Up	0
DES	RvY_02155-1	2	2	0	0	1	0	0	up	1	Highly Stable	Highly Stable Up	0
DES	RvY_02380-1	2	2	0	0	1	0	0	up	1	Highly Stable	Highly Stable Up	0
DES	RvY_02405-1	2	2	0	0	1	0	0	up	1	Highly Stable	Highly Stable Up	0
DES	RvY_02442-1	2	2	0	0	1	0	0	up	1	Highly Stable	Highly Stable Up	0
DES	RvY_02484-1	2	2	0	0	1	0	0	up	1	Highly Stable	Highly Stable Up	0
DES	RvY_02491-1	2	2	0	0	1	0	0	up	1	Highly Stable	Highly Stable Up	0
DES	RvY_02494	2	2	0	0	1	0	0	up	1	Highly Stable	Highly Stable Up	0
DES	RvY_02499-1	2	2	0	0	1	0	0	up	1	Highly Stable	Highly Stable Up	0
DES	RvY_02552-1	2	2	0	0	1	0	0	up	1	Highly Stable	Highly Stable Up	0
DES	RvY_02613-1	2	2	0	0	1	0	0	up	1	Highly Stable	Highly Stable Up	0
DES	RvY_02643	2	2	0	0	1	0	0	up	1	Highly Stable	Highly Stable Up	0
DES	RvY_02649-1	2	2	0	0	1	0	0	up	1	Highly Stable	Highly Stable Up	0
DES	RvY_02653-1	2	2	0	0	1	0	0	up	1	Highly Stable	Highly Stable Up	0
DES	RvY_02711-1	2	2	0	0	1	0	0	up	1	Highly Stable	Highly Stable Up	0
DES	RvY_02774-1	2	2	0	0	1	0	0	up	1	Highly Stable	Highly Stable Up	0
DES	RvY_02904-1	2	2	0	0	1	0	0	up	1	Highly Stable	Highly Stable Up	0
DES	RvY_02936-1	2	2	0	0	1	0	0	up	1	Highly Stable	Highly Stable Up	0
DES	RvY_02939	2	2	0	0	1	0	0	up	1	Highly Stable	Highly Stable Up	0
DES	RvY_02981-1	2	2	0	0	1	0	0	up	1	Highly Stable	Highly Stable Up	0
DES	RvY_02982	2	2	0	0	1	0	0	up	1	Highly Stable	Highly Stable Up	0
DES	RvY_03023-1	2	2	0	0	1	0	0	up	1	Highly Stable	Highly Stable Up	0
DES	RvY_03024-1	2	2	0	0	1	0	0	up	1	Highly Stable	Highly Stable Up	0
DES	RvY_03171-1	2	2	0	0	1	0	0	up	1	Highly Stable	Highly Stable Up	0
DES	RvY_03190-1	2	2	0	0	1	0	0	up	1	Highly Stable	Highly Stable Up	0
DES	RvY_03283-1	2	2	0	0	1	0	0	up	1	Highly Stable	Highly Stable Up	0
DES	RvY_03353	2	2	0	0	1	0	0	up	1	Highly Stable	Highly Stable Up	0
GAM	RvY_00303-1	8	0	8	0	0	1	0	down	1	Highly Stable	Highly Stable Down	0
GAM	RvY_00418-3	8	0	8	0	0	1	0	down	1	Highly Stable	Highly Stable Down	0
GAM	RvY_00457-1	8	0	8	0	0	1	0	down	1	Highly Stable	Highly Stable Down	0
GAM	RvY_00461-1	8	0	8	0	0	1	0	down	1	Highly Stable	Highly Stable Down	0
GAM	RvY_00496-1	8	0	8	0	0	1	0	down	1	Highly Stable	Highly Stable Down	0
GAM	RvY_00705-1	8	0	8	0	0	1	0	down	1	Highly Stable	Highly Stable Down	0
GAM	RvY_00710-1	8	0	8	0	0	1	0	down	1	Highly Stable	Highly Stable Down	0
GAM	RvY_00754-1	8	0	8	0	0	1	0	down	1	Highly Stable	Highly Stable Down	0
GAM	RvY_00888-1	8	0	8	0	0	1	0	down	1	Highly Stable	Highly Stable Down	0
GAM	RvY_00889-1	8	0	8	0	0	1	0	down	1	Highly Stable	Highly Stable Down	0
GAM	RvY_00902-1	8	0	8	0	0	1	0	down	1	Highly Stable	Highly Stable Down	0
GAM	RvY_01001-1	8	0	8	0	0	1	0	down	1	Highly Stable	Highly Stable Down	0
GAM	RvY_01072-1	8	0	8	0	0	1	0	down	1	Highly Stable	Highly Stable Down	0
GAM	RvY_01078-1	8	0	8	0	0	1	0	down	1	Highly Stable	Highly Stable Down	0
GAM	RvY_01167	8	0	8	0	0	1	0	down	1	Highly Stable	Highly Stable Down	0
GAM	RvY_01185-1	8	0	8	0	0	1	0	down	1	Highly Stable	Highly Stable Down	0
GAM	RvY_01210-1	8	0	8	0	0	1	0	down	1	Highly Stable	Highly Stable Down	0
GAM	RvY_01213	8	0	8	0	0	1	0	down	1	Highly Stable	Highly Stable Down	0
GAM	RvY_01300-1	8	0	8	0	0	1	0	down	1	Highly Stable	Highly Stable Down	0
GAM	RvY_01322-1	8	0	8	0	0	1	0	down	1	Highly Stable	Highly Stable Down	0
GAM	RvY_01325-1	8	0	8	0	0	1	0	down	1	Highly Stable	Highly Stable Down	0
GAM	RvY_01342-1	8	0	8	0	0	1	0	down	1	Highly Stable	Highly Stable Down	0
GAM	RvY_01489-1	8	0	8	0	0	1	0	down	1	Highly Stable	Highly Stable Down	0
GAM	RvY_01727-1	8	0	8	0	0	1	0	down	1	Highly Stable	Highly Stable Down	0
GAM	RvY_01962-1	8	0	8	0	0	1	0	down	1	Highly Stable	Highly Stable Down	0
GAM	RvY_02126-1	8	0	8	0	0	1	0	down	1	Highly Stable	Highly Stable Down	0
GAM	RvY_02154-1	8	0	8	0	0	1	0	down	1	Highly Stable	Highly Stable Down	0
GAM	RvY_02182-1	8	0	8	0	0	1	0	down	1	Highly Stable	Highly Stable Down	0
GAM	RvY_02228-1	8	0	8	0	0	1	0	down	1	Highly Stable	Highly Stable Down	0
GAM	RvY_02457-1	8	0	8	0	0	1	0	down	1	Highly Stable	Highly Stable Down	0
GAM	RvY_02614-1	8	0	8	0	0	1	0	down	1	Highly Stable	Highly Stable Down	0
GAM	RvY_02626-1	8	0	8	0	0	1	0	down	1	Highly Stable	Highly Stable Down	0
GAM	RvY_02752	8	0	8	0	0	1	0	down	1	Highly Stable	Highly Stable Down	0
GAM	RvY_02769-1	8	0	8	0	0	1	0	down	1	Highly Stable	Highly Stable Down	0
GAM	RvY_02794-1	8	0	8	0	0	1	0	down	1	Highly Stable	Highly Stable Down	0
GAM	RvY_02798-1	8	0	8	0	0	1	0	down	1	Highly Stable	Highly Stable Down	0
GAM	RvY_03024-1	8	0	8	0	0	1	0	down	1	Highly Stable	Highly Stable Down	0
GAM	RvY_03150-1	8	0	8	0	0	1	0	down	1	Highly Stable	Highly Stable Down	0
GAM	RvY_03342-1	8	0	8	0	0	1	0	down	1	Highly Stable	Highly Stable Down	0
GAM	RvY_03363-1	8	0	8	0	0	1	0	down	1	Highly Stable	Highly Stable Down	0
GAM	RvY_03386-1	8	0	8	0	0	1	0	down	1	Highly Stable	Highly Stable Down	0
GAM	RvY_03485-1	8	0	8	0	0	1	0	down	1	Highly Stable	Highly Stable Down	0
GAM	RvY_03601-1	8	0	8	0	0	1	0	down	1	Highly Stable	Highly Stable Down	0
GAM	RvY_03683-1	8	0	8	0	0	1	0	down	1	Highly Stable	Highly Stable Down	0
GAM	RvY_03722-1	8	0	8	0	0	1	0	down	1	Highly Stable	Highly Stable Down	0
GAM	RvY_03734	8	0	8	0	0	1	0	down	1	Highly Stable	Highly Stable Down	0
GAM	RvY_03856-1	8	0	8	0	0	1	0	down	1	Highly Stable	Highly Stable Down	0
GAM	RvY_03923-1	8	0	8	0	0	1	0	down	1	Highly Stable	Highly Stable Down	0
GAM	RvY_03983-1	8	0	8	0	0	1	0	down	1	Highly Stable	Highly Stable Down	0
GAM	RvY_04023-1	8	0	8	0	0	1	0	down	1	Highly Stable	Highly Stable Down	0
GAM	RvY_04039-1	8	0	8	0	0	1	0	down	1	Highly Stable	Highly Stable Down	0
GAM	RvY_04040-1	8	0	8	0	0	1	0	down	1	Highly Stable	Highly Stable Down	0
GAM	RvY_04117-1	8	0	8	0	0	1	0	down	1	Highly Stable	Highly Stable Down	0
GAM	RvY_04160-1	8	0	8	0	0	1	0	down	1	Highly Stable	Highly Stable Down	0
GAM	RvY_04170-1	8	0	8	0	0	1	0	down	1	Highly Stable	Highly Stable Down	0
GAM	RvY_04205	8	0	8	0	0	1	0	down	1	Highly Stable	Highly Stable Down	0
GAM	RvY_04206	8	0	8	0	0	1	0	down	1	Highly Stable	Highly Stable Down	0
GAM	RvY_04225	8	0	8	0	0	1	0	down	1	Highly Stable	Highly Stable Down	0
GAM	RvY_04313-1	8	0	8	0	0	1	0	down	1	Highly Stable	Highly Stable Down	0
GAM	RvY_04321-1	8	0	8	0	0	1	0	down	1	Highly Stable	Highly Stable Down	0
GAM	RvY_04384-1	8	0	8	0	0	1	0	down	1	Highly Stable	Highly Stable Down	0
GAM	RvY_04398-1	8	0	8	0	0	1	0	down	1	Highly Stable	Highly Stable Down	0
GAM	RvY_04401-1	8	0	8	0	0	1	0	down	1	Highly Stable	Highly Stable Down	0
GAM	RvY_04402	8	0	8	0	0	1	0	down	1	Highly Stable	Highly Stable Down	0
GAM	RvY_04462-1	8	0	8	0	0	1	0	down	1	Highly Stable	Highly Stable Down	0
GAM	RvY_04617-1	8	0	8	0	0	1	0	down	1	Highly Stable	Highly Stable Down	0
GAM	RvY_04654-1	8	0	8	0	0	1	0	down	1	Highly Stable	Highly Stable Down	0
GAM	RvY_04732-1	8	0	8	0	0	1	0	down	1	Highly Stable	Highly Stable Down	0
GAM	RvY_04733-1	8	0	8	0	0	1	0	down	1	Highly Stable	Highly Stable Down	0
GAM	RvY_04737-1	8	0	8	0	0	1	0	down	1	Highly Stable	Highly Stable Down	0
GAM	RvY_04784	8	0	8	0	0	1	0	down	1	Highly Stable	Highly Stable Down	0
GAM	RvY_04860-1	8	0	8	0	0	1	0	down	1	Highly Stable	Highly Stable Down	0
GAM	RvY_04889-1	8	0	8	0	0	1	0	down	1	Highly Stable	Highly Stable Down	0
GAM	RvY_05012-1	8	0	8	0	0	1	0	down	1	Highly Stable	Highly Stable Down	0
GAM	RvY_05016-1	8	0	8	0	0	1	0	down	1	Highly Stable	Highly Stable Down	0
GAM	RvY_05228-1	8	0	8	0	0	1	0	down	1	Highly Stable	Highly Stable Down	0
GAM	RvY_05261-1	8	0	8	0	0	1	0	down	1	Highly Stable	Highly Stable Down	0
GAM	RvY_05402-1	8	0	8	0	0	1	0	down	1	Highly Stable	Highly Stable Down	0
GAM	RvY_05700-1	8	0	8	0	0	1	0	down	1	Highly Stable	Highly Stable Down	0
GAM	RvY_05721-1	8	0	8	0	0	1	0	down	1	Highly Stable	Highly Stable Down	0
GAM	RvY_05834-1	8	0	8	0	0	1	0	down	1	Highly Stable	Highly Stable Down	0
GAM	RvY_05858-1	8	0	8	0	0	1	0	down	1	Highly Stable	Highly Stable Down	0
GAM	RvY_05898	8	0	8	0	0	1	0	down	1	Highly Stable	Highly Stable Down	0
GAM	RvY_05953-1	8	0	8	0	0	1	0	down	1	Highly Stable	Highly Stable Down	0
GAM	RvY_05954-1	8	0	8	0	0	1	0	down	1	Highly Stable	Highly Stable Down	0
GAM	RvY_06007-1	8	0	8	0	0	1	0	down	1	Highly Stable	Highly Stable Down	0
GAM	RvY_06066-1	8	0	8	0	0	1	0	down	1	Highly Stable	Highly Stable Down	0
GAM	RvY_06141-1	8	0	8	0	0	1	0	down	1	Highly Stable	Highly Stable Down	0
GAM	RvY_06179-1	8	0	8	0	0	1	0	down	1	Highly Stable	Highly Stable Down	0
GAM	RvY_06216-1	8	0	8	0	0	1	0	down	1	Highly Stable	Highly Stable Down	0
GAM	RvY_06219	8	0	8	0	0	1	0	down	1	Highly Stable	Highly Stable Down	0
GAM	RvY_06249-1	8	0	8	0	0	1	0	down	1	Highly Stable	Highly Stable Down	0
GAM	RvY_06251-1	8	0	8	0	0	1	0	down	1	Highly Stable	Highly Stable Down	0
GAM	RvY_06271-1	8	0	8	0	0	1	0	down	1	Highly Stable	Highly Stable Down	0
GAM	RvY_06275-1	8	0	8	0	0	1	0	down	1	Highly Stable	Highly Stable Down	0
GAM	RvY_06324	8	0	8	0	0	1	0	down	1	Highly Stable	Highly Stable Down	0
GAM	RvY_06327-1	8	0	8	0	0	1	0	down	1	Highly Stable	Highly Stable Down	0
GAM	RvY_06328-1	8	0	8	0	0	1	0	down	1	Highly Stable	Highly Stable Down	0
GAM	RvY_06352-1	8	0	8	0	0	1	0	down	1	Highly Stable	Highly Stable Down	0
GAM	RvY_06375-1	8	0	8	0	0	1	0	down	1	Highly Stable	Highly Stable Down	0
GAM	RvY_00745-1	8	8	0	0	1	0	0	up	1	Highly Stable	Highly Stable Up	0
GAM	RvY_00845-1	8	8	0	0	1	0	0	up	1	Highly Stable	Highly Stable Up	0
GAM	RvY_01224-1	8	8	0	0	1	0	0	up	1	Highly Stable	Highly Stable Up	0
GAM	RvY_01402-1	8	8	0	0	1	0	0	up	1	Highly Stable	Highly Stable Up	0
GAM	RvY_01518-1	8	8	0	0	1	0	0	up	1	Highly Stable	Highly Stable Up	0
GAM	RvY_02644-1	8	8	0	0	1	0	0	up	1	Highly Stable	Highly Stable Up	0
GAM	RvY_03999	8	8	0	0	1	0	0	up	1	Highly Stable	Highly Stable Up	0
GAM	RvY_04827-1	8	8	0	0	1	0	0	up	1	Highly Stable	Highly Stable Up	0
GAM	RvY_06044	8	8	0	0	1	0	0	up	1	Highly Stable	Highly Stable Up	0
GAM	RvY_06070-1	8	8	0	0	1	0	0	up	1	Highly Stable	Highly Stable Up	0
GAM	RvY_06165	8	8	0	0	1	0	0	up	1	Highly Stable	Highly Stable Up	0
GAM	RvY_06264-1	8	8	0	0	1	0	0	up	1	Highly Stable	Highly Stable Up	0
GAM	RvY_06393	8	8	0	0	1	0	0	up	1	Highly Stable	Highly Stable Up	0
GAM	RvY_06655-1	8	8	0	0	1	0	0	up	1	Highly Stable	Highly Stable Up	0
GAM	RvY_07078-1	8	8	0	0	1	0	0	up	1	Highly Stable	Highly Stable Up	0
GAM	RvY_07297-1	8	8	0	0	1	0	0	up	1	Highly Stable	Highly Stable Up	0
GAM	RvY_07465-1	8	8	0	0	1	0	0	up	1	Highly Stable	Highly Stable Up	0
GAM	RvY_07622-1	8	8	0	0	1	0	0	up	1	Highly Stable	Highly Stable Up	0
GAM	RvY_08263	8	8	0	0	1	0	0	up	1	Highly Stable	Highly Stable Up	0
GAM	RvY_08508	8	8	0	0	1	0	0	up	1	Highly Stable	Highly Stable Up	0
GAM	RvY_09568-1	8	8	0	0	1	0	0	up	1	Highly Stable	Highly Stable Up	0
GAM	RvY_09584-1	8	8	0	0	1	0	0	up	1	Highly Stable	Highly Stable Up	0
GAM	RvY_09881	8	8	0	0	1	0	0	up	1	Highly Stable	Highly Stable Up	0
GAM	RvY_09958-1	8	8	0	0	1	0	0	up	1	Highly Stable	Highly Stable Up	0
GAM	RvY_10609-1	8	8	0	0	1	0	0	up	1	Highly Stable	Highly Stable Up	0
GAM	RvY_11340-1	8	8	0	0	1	0	0	up	1	Highly Stable	Highly Stable Up	0
GAM	RvY_11626-1	8	8	0	0	1	0	0	up	1	Highly Stable	Highly Stable Up	0
GAM	RvY_12563	8	8	0	0	1	0	0	up	1	Highly Stable	Highly Stable Up	0
GAM	RvY_12668-1	8	8	0	0	1	0	0	up	1	Highly Stable	Highly Stable Up	0
GAM	RvY_12926-1	8	8	0	0	1	0	0	up	1	Highly Stable	Highly Stable Up	0
GAM	RvY_13293	8	8	0	0	1	0	0	up	1	Highly Stable	Highly Stable Up	0
GAM	RvY_13519-1	8	8	0	0	1	0	0	up	1	Highly Stable	Highly Stable Up	0
GAM	RvY_13963	8	8	0	0	1	0	0	up	1	Highly Stable	Highly Stable Up	0
GAM	RvY_14011-1	8	8	0	0	1	0	0	up	1	Highly Stable	Highly Stable Up	0
GAM	RvY_14510-1	8	8	0	0	1	0	0	up	1	Highly Stable	Highly Stable Up	0
GAM	RvY_15449-1	8	8	0	0	1	0	0	up	1	Highly Stable	Highly Stable Up	0
GAM	RvY_15769-1	8	8	0	0	1	0	0	up	1	Highly Stable	Highly Stable Up	0
GAM	RvY_16228-1	8	8	0	0	1	0	0	up	1	Highly Stable	Highly Stable Up	0
GAM	RvY_16415-1	8	8	0	0	1	0	0	up	1	Highly Stable	Highly Stable Up	0
GAM	RvY_17530-1	8	8	0	0	1	0	0	up	1	Highly Stable	Highly Stable Up	0
GAM	RvY_17717-1	8	8	0	0	1	0	0	up	1	Highly Stable	Highly Stable Up	0
GAM	RvY_18111-1	8	8	0	0	1	0	0	up	1	Highly Stable	Highly Stable Up	0
GAM	RvY_18641	8	8	0	0	1	0	0	up	1	Highly Stable	Highly Stable Up	0
GAM	RvY_18763	8	8	0	0	1	0	0	up	1	Highly Stable	Highly Stable Up	0
GAM	RvY_18853-1	8	8	0	0	1	0	0	up	1	Highly Stable	Highly Stable Up	0
GAM	RvY_00025-1	8	7	0	1	0.875	0	0.125	up	0.875	Stable	Stable Up	0.125
GAM	RvY_00074	8	7	0	1	0.875	0	0.125	up	0.875	Stable	Stable Up	0.125
GAM	RvY_00123	8	7	0	1	0.875	0	0.125	up	0.875	Stable	Stable Up	0.125
GAM	RvY_00201-1	8	7	0	1	0.875	0	0.125	up	0.875	Stable	Stable Up	0.125
GAM	RvY_00291-1	8	7	0	1	0.875	0	0.125	up	0.875	Stable	Stable Up	0.125
GAM	RvY_00417-1	8	7	0	1	0.875	0	0.125	up	0.875	Stable	Stable Up	0.125
GAM	RvY_00455-1	8	7	0	1	0.875	0	0.125	up	0.875	Stable	Stable Up	0.125
GAM	RvY_00616-1	8	7	0	1	0.875	0	0.125	up	0.875	Stable	Stable Up	0.125
GAM	RvY_00618-1	8	7	0	1	0.875	0	0.125	up	0.875	Stable	Stable Up	0.125
GAM	RvY_00667-1	8	7	0	1	0.875	0	0.125	up	0.875	Stable	Stable Up	0.125
GAM	RvY_00686-1	8	7	0	1	0.875	0	0.125	up	0.875	Stable	Stable Up	0.125
GAM	RvY_00743-1	8	7	0	1	0.875	0	0.125	up	0.875	Stable	Stable Up	0.125
GAM	RvY_00748-1	8	7	0	1	0.875	0	0.125	up	0.875	Stable	Stable Up	0.125
GAM	RvY_00823	8	7	0	1	0.875	0	0.125	up	0.875	Stable	Stable Up	0.125
GAM	RvY_00824-1	8	7	0	1	0.875	0	0.125	up	0.875	Stable	Stable Up	0.125
GAM	RvY_00898-1	8	7	0	1	0.875	0	0.125	up	0.875	Stable	Stable Up	0.125
GAM	RvY_00913-1	8	7	0	1	0.875	0	0.125	up	0.875	Stable	Stable Up	0.125
GAM	RvY_00986-1	8	7	0	1	0.875	0	0.125	up	0.875	Stable	Stable Up	0.125
GAM	RvY_01041-1	8	7	0	1	0.875	0	0.125	up	0.875	Stable	Stable Up	0.125
GAM	RvY_01067-1	8	7	0	1	0.875	0	0.125	up	0.875	Stable	Stable Up	0.125
GAM	RvY_01076-1	8	7	0	1	0.875	0	0.125	up	0.875	Stable	Stable Up	0.125
GAM	RvY_01122-1	8	7	0	1	0.875	0	0.125	up	0.875	Stable	Stable Up	0.125
GAM	RvY_01123-1	8	7	0	1	0.875	0	0.125	up	0.875	Stable	Stable Up	0.125
GAM	RvY_01129	8	7	0	1	0.875	0	0.125	up	0.875	Stable	Stable Up	0.125
GAM	RvY_01136-1	8	7	0	1	0.875	0	0.125	up	0.875	Stable	Stable Up	0.125
GAM	RvY_01155-1	8	7	0	1	0.875	0	0.125	up	0.875	Stable	Stable Up	0.125
GAM	RvY_01215	8	7	0	1	0.875	0	0.125	up	0.875	Stable	Stable Up	0.125
GAM	RvY_01275-1	8	7	0	1	0.875	0	0.125	up	0.875	Stable	Stable Up	0.125
GAM	RvY_01327-1	8	7	0	1	0.875	0	0.125	up	0.875	Stable	Stable Up	0.125
GAM	RvY_01328-1	8	7	0	1	0.875	0	0.125	up	0.875	Stable	Stable Up	0.125
GAM	RvY_01442-1	8	7	0	1	0.875	0	0.125	up	0.875	Stable	Stable Up	0.125
GAM	RvY_01480-1	8	7	0	1	0.875	0	0.125	up	0.875	Stable	Stable Up	0.125
GAM	RvY_01515	8	7	0	1	0.875	0	0.125	up	0.875	Stable	Stable Up	0.125
GAM	RvY_01585-1	8	7	0	1	0.875	0	0.125	up	0.875	Stable	Stable Up	0.125
GAM	RvY_01604-1	8	7	0	1	0.875	0	0.125	up	0.875	Stable	Stable Up	0.125
GAM	RvY_01609-1	8	7	0	1	0.875	0	0.125	up	0.875	Stable	Stable Up	0.125
GAM	RvY_01637	8	7	0	1	0.875	0	0.125	up	0.875	Stable	Stable Up	0.125
GAM	RvY_01668-1	8	7	0	1	0.875	0	0.125	up	0.875	Stable	Stable Up	0.125
GAM	RvY_01699-1	8	7	0	1	0.875	0	0.125	up	0.875	Stable	Stable Up	0.125
GAM	RvY_02283-1	8	7	0	1	0.875	0	0.125	up	0.875	Stable	Stable Up	0.125
GAM	RvY_02340-1	8	7	0	1	0.875	0	0.125	up	0.875	Stable	Stable Up	0.125
GAM	RvY_02408-1	8	7	0	1	0.875	0	0.125	up	0.875	Stable	Stable Up	0.125
GAM	RvY_02473-1	8	7	0	1	0.875	0	0.125	up	0.875	Stable	Stable Up	0.125
GAM	RvY_02483	8	7	0	1	0.875	0	0.125	up	0.875	Stable	Stable Up	0.125
GAM	RvY_02489-1	8	7	0	1	0.875	0	0.125	up	0.875	Stable	Stable Up	0.125
GAM	RvY_02492-1	8	7	0	1	0.875	0	0.125	up	0.875	Stable	Stable Up	0.125
GAM	RvY_02522-1	8	7	0	1	0.875	0	0.125	up	0.875	Stable	Stable Up	0.125
GAM	RvY_02714-1	8	7	0	1	0.875	0	0.125	up	0.875	Stable	Stable Up	0.125
GAM	RvY_02778-1	8	7	0	1	0.875	0	0.125	up	0.875	Stable	Stable Up	0.125
GAM	RvY_02811-1	8	7	0	1	0.875	0	0.125	up	0.875	Stable	Stable Up	0.125
GAM	RvY_02939	8	7	0	1	0.875	0	0.125	up	0.875	Stable	Stable Up	0.125
GAM	RvY_03021-1	8	7	0	1	0.875	0	0.125	up	0.875	Stable	Stable Up	0.125
GAM	RvY_03175-1	8	7	0	1	0.875	0	0.125	up	0.875	Stable	Stable Up	0.125
GAM	RvY_03183-1	8	7	0	1	0.875	0	0.125	up	0.875	Stable	Stable Up	0.125
GAM	RvY_03194-1	8	7	0	1	0.875	0	0.125	up	0.875	Stable	Stable Up	0.125
HT	RvY_00076-1	1	0	1	0	0	1	0	down	1	Highly Stable	Highly Stable Down	0
HT	RvY_00077-1	1	0	1	0	0	1	0	down	1	Highly Stable	Highly Stable Down	0
HT	RvY_00112-1	1	0	1	0	0	1	0	down	1	Highly Stable	Highly Stable Down	0
HT	RvY_00124-1	1	0	1	0	0	1	0	down	1	Highly Stable	Highly Stable Down	0
HT	RvY_00126-1	1	0	1	0	0	1	0	down	1	Highly Stable	Highly Stable Down	0
HT	RvY_00127-1	1	0	1	0	0	1	0	down	1	Highly Stable	Highly Stable Down	0
HT	RvY_00132-1	1	0	1	0	0	1	0	down	1	Highly Stable	Highly Stable Down	0
HT	RvY_00147	1	0	1	0	0	1	0	down	1	Highly Stable	Highly Stable Down	0
HT	RvY_00163-1	1	0	1	0	0	1	0	down	1	Highly Stable	Highly Stable Down	0
HT	RvY_00165-1	1	0	1	0	0	1	0	down	1	Highly Stable	Highly Stable Down	0
HT	RvY_00166-1	1	0	1	0	0	1	0	down	1	Highly Stable	Highly Stable Down	0
HT	RvY_00170-1	1	0	1	0	0	1	0	down	1	Highly Stable	Highly Stable Down	0
HT	RvY_00192	1	0	1	0	0	1	0	down	1	Highly Stable	Highly Stable Down	0
HT	RvY_00193-1	1	0	1	0	0	1	0	down	1	Highly Stable	Highly Stable Down	0
HT	RvY_00210-1	1	0	1	0	0	1	0	down	1	Highly Stable	Highly Stable Down	0
HT	RvY_00222-1	1	0	1	0	0	1	0	down	1	Highly Stable	Highly Stable Down	0
HT	RvY_00232	1	0	1	0	0	1	0	down	1	Highly Stable	Highly Stable Down	0
HT	RvY_00237-1	1	0	1	0	0	1	0	down	1	Highly Stable	Highly Stable Down	0
HT	RvY_00244	1	0	1	0	0	1	0	down	1	Highly Stable	Highly Stable Down	0
HT	RvY_00245-1	1	0	1	0	0	1	0	down	1	Highly Stable	Highly Stable Down	0
HT	RvY_00248	1	0	1	0	0	1	0	down	1	Highly Stable	Highly Stable Down	0
HT	RvY_00250	1	0	1	0	0	1	0	down	1	Highly Stable	Highly Stable Down	0
HT	RvY_00253-1	1	0	1	0	0	1	0	down	1	Highly Stable	Highly Stable Down	0
HT	RvY_00254	1	0	1	0	0	1	0	down	1	Highly Stable	Highly Stable Down	0
HT	RvY_00261-1	1	0	1	0	0	1	0	down	1	Highly Stable	Highly Stable Down	0
HT	RvY_00262	1	0	1	0	0	1	0	down	1	Highly Stable	Highly Stable Down	0
HT	RvY_00265-1	1	0	1	0	0	1	0	down	1	Highly Stable	Highly Stable Down	0
HT	RvY_00279	1	0	1	0	0	1	0	down	1	Highly Stable	Highly Stable Down	0
HT	RvY_00299-1	1	0	1	0	0	1	0	down	1	Highly Stable	Highly Stable Down	0
HT	RvY_00302-1	1	0	1	0	0	1	0	down	1	Highly Stable	Highly Stable Down	0
HT	RvY_00303-1	1	0	1	0	0	1	0	down	1	Highly Stable	Highly Stable Down	0
HT	RvY_00304-1	1	0	1	0	0	1	0	down	1	Highly Stable	Highly Stable Down	0
HT	RvY_00321-1	1	0	1	0	0	1	0	down	1	Highly Stable	Highly Stable Down	0
HT	RvY_00323-1	1	0	1	0	0	1	0	down	1	Highly Stable	Highly Stable Down	0
HT	RvY_00326-1	1	0	1	0	0	1	0	down	1	Highly Stable	Highly Stable Down	0
HT	RvY_00334-1	1	0	1	0	0	1	0	down	1	Highly Stable	Highly Stable Down	0
HT	RvY_00358-1	1	0	1	0	0	1	0	down	1	Highly Stable	Highly Stable Down	0
HT	RvY_00370-1	1	0	1	0	0	1	0	down	1	Highly Stable	Highly Stable Down	0
HT	RvY_00377-1	1	0	1	0	0	1	0	down	1	Highly Stable	Highly Stable Down	0
HT	RvY_00378-1	1	0	1	0	0	1	0	down	1	Highly Stable	Highly Stable Down	0
HT	RvY_00384-1	1	0	1	0	0	1	0	down	1	Highly Stable	Highly Stable Down	0
HT	RvY_00398	1	0	1	0	0	1	0	down	1	Highly Stable	Highly Stable Down	0
HT	RvY_00402-1	1	0	1	0	0	1	0	down	1	Highly Stable	Highly Stable Down	0
HT	RvY_00408-1	1	0	1	0	0	1	0	down	1	Highly Stable	Highly Stable Down	0
HT	RvY_00412	1	0	1	0	0	1	0	down	1	Highly Stable	Highly Stable Down	0
HT	RvY_00414-1	1	0	1	0	0	1	0	down	1	Highly Stable	Highly Stable Down	0
HT	RvY_00438-1	1	0	1	0	0	1	0	down	1	Highly Stable	Highly Stable Down	0
HT	RvY_00449	1	0	1	0	0	1	0	down	1	Highly Stable	Highly Stable Down	0
HT	RvY_00454	1	0	1	0	0	1	0	down	1	Highly Stable	Highly Stable Down	0
HT	RvY_00470	1	0	1	0	0	1	0	down	1	Highly Stable	Highly Stable Down	0
HT	RvY_00488-1	1	0	1	0	0	1	0	down	1	Highly Stable	Highly Stable Down	0
HT	RvY_00493	1	0	1	0	0	1	0	down	1	Highly Stable	Highly Stable Down	0
HT	RvY_00495-1	1	0	1	0	0	1	0	down	1	Highly Stable	Highly Stable Down	0
HT	RvY_00496-1	1	0	1	0	0	1	0	down	1	Highly Stable	Highly Stable Down	0
HT	RvY_00503-1	1	0	1	0	0	1	0	down	1	Highly Stable	Highly Stable Down	0
HT	RvY_00525-1	1	0	1	0	0	1	0	down	1	Highly Stable	Highly Stable Down	0
HT	RvY_00564-1	1	0	1	0	0	1	0	down	1	Highly Stable	Highly Stable Down	0
HT	RvY_00611	1	0	1	0	0	1	0	down	1	Highly Stable	Highly Stable Down	0
HT	RvY_00616-1	1	0	1	0	0	1	0	down	1	Highly Stable	Highly Stable Down	0
HT	RvY_00631-1	1	0	1	0	0	1	0	down	1	Highly Stable	Highly Stable Down	0
HT	RvY_00640-1	1	0	1	0	0	1	0	down	1	Highly Stable	Highly Stable Down	0
HT	RvY_00649-1	1	0	1	0	0	1	0	down	1	Highly Stable	Highly Stable Down	0
HT	RvY_00661	1	0	1	0	0	1	0	down	1	Highly Stable	Highly Stable Down	0
HT	RvY_00667-1	1	0	1	0	0	1	0	down	1	Highly Stable	Highly Stable Down	0
HT	RvY_00677-1	1	0	1	0	0	1	0	down	1	Highly Stable	Highly Stable Down	0
HT	RvY_00690	1	0	1	0	0	1	0	down	1	Highly Stable	Highly Stable Down	0
HT	RvY_00707-1	1	0	1	0	0	1	0	down	1	Highly Stable	Highly Stable Down	0
HT	RvY_00714	1	0	1	0	0	1	0	down	1	Highly Stable	Highly Stable Down	0
HT	RvY_00721	1	0	1	0	0	1	0	down	1	Highly Stable	Highly Stable Down	0
HT	RvY_00722-1	1	0	1	0	0	1	0	down	1	Highly Stable	Highly Stable Down	0
HT	RvY_00726-1	1	0	1	0	0	1	0	down	1	Highly Stable	Highly Stable Down	0
HT	RvY_00738-1	1	0	1	0	0	1	0	down	1	Highly Stable	Highly Stable Down	0
HT	RvY_00739-1	1	0	1	0	0	1	0	down	1	Highly Stable	Highly Stable Down	0
HT	RvY_00747-1	1	0	1	0	0	1	0	down	1	Highly Stable	Highly Stable Down	0
HT	RvY_00757-1	1	0	1	0	0	1	0	down	1	Highly Stable	Highly Stable Down	0
HT	RvY_00769-1	1	0	1	0	0	1	0	down	1	Highly Stable	Highly Stable Down	0
HT	RvY_00770-1	1	0	1	0	0	1	0	down	1	Highly Stable	Highly Stable Down	0
HT	RvY_00773	1	0	1	0	0	1	0	down	1	Highly Stable	Highly Stable Down	0
HT	RvY_00787-1	1	0	1	0	0	1	0	down	1	Highly Stable	Highly Stable Down	0
HT	RvY_00790-1	1	0	1	0	0	1	0	down	1	Highly Stable	Highly Stable Down	0
HT	RvY_00798-1	1	0	1	0	0	1	0	down	1	Highly Stable	Highly Stable Down	0
HT	RvY_00799-1	1	0	1	0	0	1	0	down	1	Highly Stable	Highly Stable Down	0
HT	RvY_00806-1	1	0	1	0	0	1	0	down	1	Highly Stable	Highly Stable Down	0
HT	RvY_00817	1	0	1	0	0	1	0	down	1	Highly Stable	Highly Stable Down	0
HT	RvY_00835-1	1	0	1	0	0	1	0	down	1	Highly Stable	Highly Stable Down	0
HT	RvY_00840-1	1	0	1	0	0	1	0	down	1	Highly Stable	Highly Stable Down	0
HT	RvY_00848	1	0	1	0	0	1	0	down	1	Highly Stable	Highly Stable Down	0
HT	RvY_00854-1	1	0	1	0	0	1	0	down	1	Highly Stable	Highly Stable Down	0
HT	RvY_00857-1	1	0	1	0	0	1	0	down	1	Highly Stable	Highly Stable Down	0
HT	RvY_00861-1	1	0	1	0	0	1	0	down	1	Highly Stable	Highly Stable Down	0
HT	RvY_00862-1	1	0	1	0	0	1	0	down	1	Highly Stable	Highly Stable Down	0
HT	RvY_00863-2	1	0	1	0	0	1	0	down	1	Highly Stable	Highly Stable Down	0
HT	RvY_00868-1	1	0	1	0	0	1	0	down	1	Highly Stable	Highly Stable Down	0
HT	RvY_00876-1	1	0	1	0	0	1	0	down	1	Highly Stable	Highly Stable Down	0
HT	RvY_00877	1	0	1	0	0	1	0	down	1	Highly Stable	Highly Stable Down	0
HT	RvY_00878-1	1	0	1	0	0	1	0	down	1	Highly Stable	Highly Stable Down	0
HT	RvY_00882	1	0	1	0	0	1	0	down	1	Highly Stable	Highly Stable Down	0
HT	RvY_00884	1	0	1	0	0	1	0	down	1	Highly Stable	Highly Stable Down	0
HT	RvY_00886-1	1	0	1	0	0	1	0	down	1	Highly Stable	Highly Stable Down	0
HT	RvY_00888-1	1	0	1	0	0	1	0	down	1	Highly Stable	Highly Stable Down	0
HT	RvY_00023	1	1	0	0	1	0	0	up	1	Highly Stable	Highly Stable Up	0
HT	RvY_00056-1	1	1	0	0	1	0	0	up	1	Highly Stable	Highly Stable Up	0
HT	RvY_00067-1	1	1	0	0	1	0	0	up	1	Highly Stable	Highly Stable Up	0
HT	RvY_00072-1	1	1	0	0	1	0	0	up	1	Highly Stable	Highly Stable Up	0
HT	RvY_00074	1	1	0	0	1	0	0	up	1	Highly Stable	Highly Stable Up	0
HT	RvY_00090-1	1	1	0	0	1	0	0	up	1	Highly Stable	Highly Stable Up	0
HT	RvY_00093-1	1	1	0	0	1	0	0	up	1	Highly Stable	Highly Stable Up	0
HT	RvY_00121-1	1	1	0	0	1	0	0	up	1	Highly Stable	Highly Stable Up	0
HT	RvY_00133-1	1	1	0	0	1	0	0	up	1	Highly Stable	Highly Stable Up	0
HT	RvY_00140-1	1	1	0	0	1	0	0	up	1	Highly Stable	Highly Stable Up	0
HT	RvY_00141-1	1	1	0	0	1	0	0	up	1	Highly Stable	Highly Stable Up	0
HT	RvY_00149-1	1	1	0	0	1	0	0	up	1	Highly Stable	Highly Stable Up	0
HT	RvY_00171-1	1	1	0	0	1	0	0	up	1	Highly Stable	Highly Stable Up	0
HT	RvY_00173-1	1	1	0	0	1	0	0	up	1	Highly Stable	Highly Stable Up	0
HT	RvY_00188-1	1	1	0	0	1	0	0	up	1	Highly Stable	Highly Stable Up	0
HT	RvY_00201-1	1	1	0	0	1	0	0	up	1	Highly Stable	Highly Stable Up	0
HT	RvY_00217	1	1	0	0	1	0	0	up	1	Highly Stable	Highly Stable Up	0
HT	RvY_00231-1	1	1	0	0	1	0	0	up	1	Highly Stable	Highly Stable Up	0
HT	RvY_00234-1	1	1	0	0	1	0	0	up	1	Highly Stable	Highly Stable Up	0
HT	RvY_00236	1	1	0	0	1	0	0	up	1	Highly Stable	Highly Stable Up	0
HT	RvY_00252	1	1	0	0	1	0	0	up	1	Highly Stable	Highly Stable Up	0
HT	RvY_00259-1	1	1	0	0	1	0	0	up	1	Highly Stable	Highly Stable Up	0
HT	RvY_00280-1	1	1	0	0	1	0	0	up	1	Highly Stable	Highly Stable Up	0
HT	RvY_00286-1	1	1	0	0	1	0	0	up	1	Highly Stable	Highly Stable Up	0
HT	RvY_00290-1	1	1	0	0	1	0	0	up	1	Highly Stable	Highly Stable Up	0
HT	RvY_00314-1	1	1	0	0	1	0	0	up	1	Highly Stable	Highly Stable Up	0
HT	RvY_00316-1	1	1	0	0	1	0	0	up	1	Highly Stable	Highly Stable Up	0
HT	RvY_00320	1	1	0	0	1	0	0	up	1	Highly Stable	Highly Stable Up	0
HT	RvY_00327-1	1	1	0	0	1	0	0	up	1	Highly Stable	Highly Stable Up	0
HT	RvY_00344-1	1	1	0	0	1	0	0	up	1	Highly Stable	Highly Stable Up	0
HT	RvY_00356	1	1	0	0	1	0	0	up	1	Highly Stable	Highly Stable Up	0
HT	RvY_00404-1	1	1	0	0	1	0	0	up	1	Highly Stable	Highly Stable Up	0
HT	RvY_00419-1	1	1	0	0	1	0	0	up	1	Highly Stable	Highly Stable Up	0
HT	RvY_00425-1	1	1	0	0	1	0	0	up	1	Highly Stable	Highly Stable Up	0
HT	RvY_00426	1	1	0	0	1	0	0	up	1	Highly Stable	Highly Stable Up	0
HT	RvY_00439-1	1	1	0	0	1	0	0	up	1	Highly Stable	Highly Stable Up	0
HT	RvY_00443-1	1	1	0	0	1	0	0	up	1	Highly Stable	Highly Stable Up	0
HT	RvY_00457-1	1	1	0	0	1	0	0	up	1	Highly Stable	Highly Stable Up	0
HT	RvY_00459	1	1	0	0	1	0	0	up	1	Highly Stable	Highly Stable Up	0
HT	RvY_00462-1	1	1	0	0	1	0	0	up	1	Highly Stable	Highly Stable Up	0
HT	RvY_00463-1	1	1	0	0	1	0	0	up	1	Highly Stable	Highly Stable Up	0
HT	RvY_00478	1	1	0	0	1	0	0	up	1	Highly Stable	Highly Stable Up	0
HT	RvY_00479-1	1	1	0	0	1	0	0	up	1	Highly Stable	Highly Stable Up	0
HT	RvY_00497-1	1	1	0	0	1	0	0	up	1	Highly Stable	Highly Stable Up	0
HT	RvY_00498-1	1	1	0	0	1	0	0	up	1	Highly Stable	Highly Stable Up	0
HT	RvY_00504	1	1	0	0	1	0	0	up	1	Highly Stable	Highly Stable Up	0
HT	RvY_00508-1	1	1	0	0	1	0	0	up	1	Highly Stable	Highly Stable Up	0
HT	RvY_00513	1	1	0	0	1	0	0	up	1	Highly Stable	Highly Stable Up	0
HT	RvY_00556-1	1	1	0	0	1	0	0	up	1	Highly Stable	Highly Stable Up	0
HT	RvY_00562-1	1	1	0	0	1	0	0	up	1	Highly Stable	Highly Stable Up	0
HT	RvY_00576-1	1	1	0	0	1	0	0	up	1	Highly Stable	Highly Stable Up	0
HT	RvY_00578-1	1	1	0	0	1	0	0	up	1	Highly Stable	Highly Stable Up	0
HT	RvY_00580-1	1	1	0	0	1	0	0	up	1	Highly Stable	Highly Stable Up	0
HT	RvY_00601-1	1	1	0	0	1	0	0	up	1	Highly Stable	Highly Stable Up	0
HT	RvY_00604-1	1	1	0	0	1	0	0	up	1	Highly Stable	Highly Stable Up	0
HT	RvY_00605-1	1	1	0	0	1	0	0	up	1	Highly Stable	Highly Stable Up	0
HT	RvY_00612-1	1	1	0	0	1	0	0	up	1	Highly Stable	Highly Stable Up	0
HT	RvY_00613-1	1	1	0	0	1	0	0	up	1	Highly Stable	Highly Stable Up	0
HT	RvY_00614-1	1	1	0	0	1	0	0	up	1	Highly Stable	Highly Stable Up	0
HT	RvY_00618-1	1	1	0	0	1	0	0	up	1	Highly Stable	Highly Stable Up	0
HT	RvY_00626-1	1	1	0	0	1	0	0	up	1	Highly Stable	Highly Stable Up	0
HT	RvY_00630-1	1	1	0	0	1	0	0	up	1	Highly Stable	Highly Stable Up	0
HT	RvY_00633-1	1	1	0	0	1	0	0	up	1	Highly Stable	Highly Stable Up	0
HT	RvY_00634-1	1	1	0	0	1	0	0	up	1	Highly Stable	Highly Stable Up	0
HT	RvY_00635-1	1	1	0	0	1	0	0	up	1	Highly Stable	Highly Stable Up	0
HT	RvY_00636-1	1	1	0	0	1	0	0	up	1	Highly Stable	Highly Stable Up	0
HT	RvY_00637-1	1	1	0	0	1	0	0	up	1	Highly Stable	Highly Stable Up	0
HT	RvY_00645	1	1	0	0	1	0	0	up	1	Highly Stable	Highly Stable Up	0
HT	RvY_00656	1	1	0	0	1	0	0	up	1	Highly Stable	Highly Stable Up	0
HT	RvY_00668-1	1	1	0	0	1	0	0	up	1	Highly Stable	Highly Stable Up	0
HT	RvY_00669-1	1	1	0	0	1	0	0	up	1	Highly Stable	Highly Stable Up	0
HT	RvY_00670-1	1	1	0	0	1	0	0	up	1	Highly Stable	Highly Stable Up	0
HT	RvY_00674-1	1	1	0	0	1	0	0	up	1	Highly Stable	Highly Stable Up	0
HT	RvY_00675-1	1	1	0	0	1	0	0	up	1	Highly Stable	Highly Stable Up	0
HT	RvY_00679-1	1	1	0	0	1	0	0	up	1	Highly Stable	Highly Stable Up	0
HT	RvY_00684-1	1	1	0	0	1	0	0	up	1	Highly Stable	Highly Stable Up	0
HT	RvY_00686-1	1	1	0	0	1	0	0	up	1	Highly Stable	Highly Stable Up	0
HT	RvY_00688-1	1	1	0	0	1	0	0	up	1	Highly Stable	Highly Stable Up	0
HT	RvY_00694-1	1	1	0	0	1	0	0	up	1	Highly Stable	Highly Stable Up	0
HT	RvY_00705-1	1	1	0	0	1	0	0	up	1	Highly Stable	Highly Stable Up	0
HT	RvY_00715-1	1	1	0	0	1	0	0	up	1	Highly Stable	Highly Stable Up	0
HT	RvY_00725-1	1	1	0	0	1	0	0	up	1	Highly Stable	Highly Stable Up	0
HT	RvY_00731-1	1	1	0	0	1	0	0	up	1	Highly Stable	Highly Stable Up	0
HT	RvY_00734-1	1	1	0	0	1	0	0	up	1	Highly Stable	Highly Stable Up	0
HT	RvY_00735-1	1	1	0	0	1	0	0	up	1	Highly Stable	Highly Stable Up	0
HT	RvY_00736-1	1	1	0	0	1	0	0	up	1	Highly Stable	Highly Stable Up	0
HT	RvY_00737-1	1	1	0	0	1	0	0	up	1	Highly Stable	Highly Stable Up	0
HT	RvY_00750-1	1	1	0	0	1	0	0	up	1	Highly Stable	Highly Stable Up	0
HT	RvY_00755-1	1	1	0	0	1	0	0	up	1	Highly Stable	Highly Stable Up	0
HT	RvY_00788-1	1	1	0	0	1	0	0	up	1	Highly Stable	Highly Stable Up	0
HT	RvY_00789-1	1	1	0	0	1	0	0	up	1	Highly Stable	Highly Stable Up	0
HT	RvY_00802-1	1	1	0	0	1	0	0	up	1	Highly Stable	Highly Stable Up	0
HT	RvY_00805-1	1	1	0	0	1	0	0	up	1	Highly Stable	Highly Stable Up	0
HT	RvY_00807-1	1	1	0	0	1	0	0	up	1	Highly Stable	Highly Stable Up	0
HT	RvY_00826-1	1	1	0	0	1	0	0	up	1	Highly Stable	Highly Stable Up	0
HT	RvY_00836-1	1	1	0	0	1	0	0	up	1	Highly Stable	Highly Stable Up	0
HT	RvY_00856-1	1	1	0	0	1	0	0	up	1	Highly Stable	Highly Stable Up	0
HT	RvY_00867-1	1	1	0	0	1	0	0	up	1	Highly Stable	Highly Stable Up	0
HT	RvY_00870-1	1	1	0	0	1	0	0	up	1	Highly Stable	Highly Stable Up	0
HT	RvY_00894-1	1	1	0	0	1	0	0	up	1	Highly Stable	Highly Stable Up	0
LT	RvY_00509-1	2	0	2	0	0	1	0	down	1	Highly Stable	Highly Stable Down	0
LT	RvY_00513	2	0	2	0	0	1	0	down	1	Highly Stable	Highly Stable Down	0
LT	RvY_00684-1	2	0	2	0	0	1	0	down	1	Highly Stable	Highly Stable Down	0
LT	RvY_00879-1	2	0	2	0	0	1	0	down	1	Highly Stable	Highly Stable Down	0
LT	RvY_00914-1	2	0	2	0	0	1	0	down	1	Highly Stable	Highly Stable Down	0
LT	RvY_00921-1	2	0	2	0	0	1	0	down	1	Highly Stable	Highly Stable Down	0
LT	RvY_00952-1	2	0	2	0	0	1	0	down	1	Highly Stable	Highly Stable Down	0
LT	RvY_01052-1	2	0	2	0	0	1	0	down	1	Highly Stable	Highly Stable Down	0
LT	RvY_01082	2	0	2	0	0	1	0	down	1	Highly Stable	Highly Stable Down	0
LT	RvY_01282-1	2	0	2	0	0	1	0	down	1	Highly Stable	Highly Stable Down	0
LT	RvY_01402-1	2	0	2	0	0	1	0	down	1	Highly Stable	Highly Stable Down	0
LT	RvY_02029-1	2	0	2	0	0	1	0	down	1	Highly Stable	Highly Stable Down	0
LT	RvY_02226-1	2	0	2	0	0	1	0	down	1	Highly Stable	Highly Stable Down	0
LT	RvY_02286-1	2	0	2	0	0	1	0	down	1	Highly Stable	Highly Stable Down	0
LT	RvY_02287-1	2	0	2	0	0	1	0	down	1	Highly Stable	Highly Stable Down	0
LT	RvY_02460-1	2	0	2	0	0	1	0	down	1	Highly Stable	Highly Stable Down	0
LT	RvY_02697-1	2	0	2	0	0	1	0	down	1	Highly Stable	Highly Stable Down	0
LT	RvY_02698-1	2	0	2	0	0	1	0	down	1	Highly Stable	Highly Stable Down	0
LT	RvY_02815-1	2	0	2	0	0	1	0	down	1	Highly Stable	Highly Stable Down	0
LT	RvY_02973-1	2	0	2	0	0	1	0	down	1	Highly Stable	Highly Stable Down	0
LT	RvY_03670-1	2	0	2	0	0	1	0	down	1	Highly Stable	Highly Stable Down	0
LT	RvY_04287	2	0	2	0	0	1	0	down	1	Highly Stable	Highly Stable Down	0
LT	RvY_04288-1	2	0	2	0	0	1	0	down	1	Highly Stable	Highly Stable Down	0
LT	RvY_04838	2	0	2	0	0	1	0	down	1	Highly Stable	Highly Stable Down	0
LT	RvY_04861-1	2	0	2	0	0	1	0	down	1	Highly Stable	Highly Stable Down	0
LT	RvY_05745-1	2	0	2	0	0	1	0	down	1	Highly Stable	Highly Stable Down	0
LT	RvY_05937-1	2	0	2	0	0	1	0	down	1	Highly Stable	Highly Stable Down	0
LT	RvY_06092-1	2	0	2	0	0	1	0	down	1	Highly Stable	Highly Stable Down	0
LT	RvY_06653-1	2	0	2	0	0	1	0	down	1	Highly Stable	Highly Stable Down	0
LT	RvY_06754-1	2	0	2	0	0	1	0	down	1	Highly Stable	Highly Stable Down	0
LT	RvY_06757-1	2	0	2	0	0	1	0	down	1	Highly Stable	Highly Stable Down	0
LT	RvY_07269-1	2	0	2	0	0	1	0	down	1	Highly Stable	Highly Stable Down	0
LT	RvY_07361-1	2	0	2	0	0	1	0	down	1	Highly Stable	Highly Stable Down	0
LT	RvY_07510-1	2	0	2	0	0	1	0	down	1	Highly Stable	Highly Stable Down	0
LT	RvY_07638-1	2	0	2	0	0	1	0	down	1	Highly Stable	Highly Stable Down	0
LT	RvY_07817-1	2	0	2	0	0	1	0	down	1	Highly Stable	Highly Stable Down	0
LT	RvY_07857-1	2	0	2	0	0	1	0	down	1	Highly Stable	Highly Stable Down	0
LT	RvY_07876-1	2	0	2	0	0	1	0	down	1	Highly Stable	Highly Stable Down	0
LT	RvY_08250-1	2	0	2	0	0	1	0	down	1	Highly Stable	Highly Stable Down	0
LT	RvY_08352-1	2	0	2	0	0	1	0	down	1	Highly Stable	Highly Stable Down	0
LT	RvY_08395-1	2	0	2	0	0	1	0	down	1	Highly Stable	Highly Stable Down	0
LT	RvY_08641-1	2	0	2	0	0	1	0	down	1	Highly Stable	Highly Stable Down	0
LT	RvY_08992-1	2	0	2	0	0	1	0	down	1	Highly Stable	Highly Stable Down	0
LT	RvY_09041-1	2	0	2	0	0	1	0	down	1	Highly Stable	Highly Stable Down	0
LT	RvY_09193-1	2	0	2	0	0	1	0	down	1	Highly Stable	Highly Stable Down	0
LT	RvY_09228-1	2	0	2	0	0	1	0	down	1	Highly Stable	Highly Stable Down	0
LT	RvY_09465-3	2	0	2	0	0	1	0	down	1	Highly Stable	Highly Stable Down	0
LT	RvY_09995-1	2	0	2	0	0	1	0	down	1	Highly Stable	Highly Stable Down	0
LT	RvY_10441-1	2	0	2	0	0	1	0	down	1	Highly Stable	Highly Stable Down	0
LT	RvY_10442-1	2	0	2	0	0	1	0	down	1	Highly Stable	Highly Stable Down	0
LT	RvY_10574	2	0	2	0	0	1	0	down	1	Highly Stable	Highly Stable Down	0
LT	RvY_10575-1	2	0	2	0	0	1	0	down	1	Highly Stable	Highly Stable Down	0
LT	RvY_10789-1	2	0	2	0	0	1	0	down	1	Highly Stable	Highly Stable Down	0
LT	RvY_12128-1	2	0	2	0	0	1	0	down	1	Highly Stable	Highly Stable Down	0
LT	RvY_12151-1	2	0	2	0	0	1	0	down	1	Highly Stable	Highly Stable Down	0
LT	RvY_12467-1	2	0	2	0	0	1	0	down	1	Highly Stable	Highly Stable Down	0
LT	RvY_12468-1	2	0	2	0	0	1	0	down	1	Highly Stable	Highly Stable Down	0
LT	RvY_13169-1	2	0	2	0	0	1	0	down	1	Highly Stable	Highly Stable Down	0
LT	RvY_13262-1	2	0	2	0	0	1	0	down	1	Highly Stable	Highly Stable Down	0
LT	RvY_13330-1	2	0	2	0	0	1	0	down	1	Highly Stable	Highly Stable Down	0
LT	RvY_13333-1	2	0	2	0	0	1	0	down	1	Highly Stable	Highly Stable Down	0
LT	RvY_13477-1	2	0	2	0	0	1	0	down	1	Highly Stable	Highly Stable Down	0
LT	RvY_13815-1	2	0	2	0	0	1	0	down	1	Highly Stable	Highly Stable Down	0
LT	RvY_14288-1	2	0	2	0	0	1	0	down	1	Highly Stable	Highly Stable Down	0
LT	RvY_14347-1	2	0	2	0	0	1	0	down	1	Highly Stable	Highly Stable Down	0
LT	RvY_14482-1	2	0	2	0	0	1	0	down	1	Highly Stable	Highly Stable Down	0
LT	RvY_14593-1	2	0	2	0	0	1	0	down	1	Highly Stable	Highly Stable Down	0
LT	RvY_14636	2	0	2	0	0	1	0	down	1	Highly Stable	Highly Stable Down	0
LT	RvY_14833-1	2	0	2	0	0	1	0	down	1	Highly Stable	Highly Stable Down	0
LT	RvY_15108-1	2	0	2	0	0	1	0	down	1	Highly Stable	Highly Stable Down	0
LT	RvY_15517-1	2	0	2	0	0	1	0	down	1	Highly Stable	Highly Stable Down	0
LT	RvY_15563-1	2	0	2	0	0	1	0	down	1	Highly Stable	Highly Stable Down	0
LT	RvY_15656-1	2	0	2	0	0	1	0	down	1	Highly Stable	Highly Stable Down	0
LT	RvY_16174-1	2	0	2	0	0	1	0	down	1	Highly Stable	Highly Stable Down	0
LT	RvY_16559-1	2	0	2	0	0	1	0	down	1	Highly Stable	Highly Stable Down	0
LT	RvY_16583-1	2	0	2	0	0	1	0	down	1	Highly Stable	Highly Stable Down	0
LT	RvY_17142-1	2	0	2	0	0	1	0	down	1	Highly Stable	Highly Stable Down	0
LT	RvY_17677-1	2	0	2	0	0	1	0	down	1	Highly Stable	Highly Stable Down	0
LT	RvY_17732-1	2	0	2	0	0	1	0	down	1	Highly Stable	Highly Stable Down	0
LT	RvY_17753-1	2	0	2	0	0	1	0	down	1	Highly Stable	Highly Stable Down	0
LT	RvY_18636-1	2	0	2	0	0	1	0	down	1	Highly Stable	Highly Stable Down	0
LT	RvY_18665-1	2	0	2	0	0	1	0	down	1	Highly Stable	Highly Stable Down	0
LT	RvY_18866-1	2	0	2	0	0	1	0	down	1	Highly Stable	Highly Stable Down	0
LT	RvY_19304-1	2	0	2	0	0	1	0	down	1	Highly Stable	Highly Stable Down	0
LT	RvY_00461-1	2	2	0	0	1	0	0	up	1	Highly Stable	Highly Stable Up	0
LT	RvY_02543-1	2	2	0	0	1	0	0	up	1	Highly Stable	Highly Stable Up	0
LT	RvY_03027-1	2	2	0	0	1	0	0	up	1	Highly Stable	Highly Stable Up	0
LT	RvY_03237-1	2	2	0	0	1	0	0	up	1	Highly Stable	Highly Stable Up	0
LT	RvY_03239-1	2	2	0	0	1	0	0	up	1	Highly Stable	Highly Stable Up	0
LT	RvY_03463-1	2	2	0	0	1	0	0	up	1	Highly Stable	Highly Stable Up	0
LT	RvY_03557-1	2	2	0	0	1	0	0	up	1	Highly Stable	Highly Stable Up	0
LT	RvY_03574-1	2	2	0	0	1	0	0	up	1	Highly Stable	Highly Stable Up	0
LT	RvY_03728-1	2	2	0	0	1	0	0	up	1	Highly Stable	Highly Stable Up	0
LT	RvY_03957-1	2	2	0	0	1	0	0	up	1	Highly Stable	Highly Stable Up	0
LT	RvY_04007	2	2	0	0	1	0	0	up	1	Highly Stable	Highly Stable Up	0
LT	RvY_04605-1	2	2	0	0	1	0	0	up	1	Highly Stable	Highly Stable Up	0
LT	RvY_04937-1	2	2	0	0	1	0	0	up	1	Highly Stable	Highly Stable Up	0
LT	RvY_04952-1	2	2	0	0	1	0	0	up	1	Highly Stable	Highly Stable Up	0
LT	RvY_05050-1	2	2	0	0	1	0	0	up	1	Highly Stable	Highly Stable Up	0
LT	RvY_06044	2	2	0	0	1	0	0	up	1	Highly Stable	Highly Stable Up	0
LT	RvY_06070-1	2	2	0	0	1	0	0	up	1	Highly Stable	Highly Stable Up	0
LT	RvY_06207	2	2	0	0	1	0	0	up	1	Highly Stable	Highly Stable Up	0
LT	RvY_06393	2	2	0	0	1	0	0	up	1	Highly Stable	Highly Stable Up	0
LT	RvY_06664-1	2	2	0	0	1	0	0	up	1	Highly Stable	Highly Stable Up	0
LT	RvY_06866-1	2	2	0	0	1	0	0	up	1	Highly Stable	Highly Stable Up	0
LT	RvY_06986-1	2	2	0	0	1	0	0	up	1	Highly Stable	Highly Stable Up	0
LT	RvY_07188-1	2	2	0	0	1	0	0	up	1	Highly Stable	Highly Stable Up	0
LT	RvY_11665-1	2	2	0	0	1	0	0	up	1	Highly Stable	Highly Stable Up	0
LT	RvY_11873-1	2	2	0	0	1	0	0	up	1	Highly Stable	Highly Stable Up	0
LT	RvY_12441-1	2	2	0	0	1	0	0	up	1	Highly Stable	Highly Stable Up	0
LT	RvY_12770-1	2	2	0	0	1	0	0	up	1	Highly Stable	Highly Stable Up	0
LT	RvY_13323-1	2	2	0	0	1	0	0	up	1	Highly Stable	Highly Stable Up	0
LT	RvY_13377-1	2	2	0	0	1	0	0	up	1	Highly Stable	Highly Stable Up	0
LT	RvY_14268-1	2	2	0	0	1	0	0	up	1	Highly Stable	Highly Stable Up	0
LT	RvY_14544-1	2	2	0	0	1	0	0	up	1	Highly Stable	Highly Stable Up	0
LT	RvY_15008-1	2	2	0	0	1	0	0	up	1	Highly Stable	Highly Stable Up	0
LT	RvY_15091-1	2	2	0	0	1	0	0	up	1	Highly Stable	Highly Stable Up	0
LT	RvY_16043-1	2	2	0	0	1	0	0	up	1	Highly Stable	Highly Stable Up	0
LT	RvY_16153-1	2	2	0	0	1	0	0	up	1	Highly Stable	Highly Stable Up	0
LT	RvY_16531-1	2	2	0	0	1	0	0	up	1	Highly Stable	Highly Stable Up	0
LT	RvY_16785-1	2	2	0	0	1	0	0	up	1	Highly Stable	Highly Stable Up	0
LT	RvY_17246-1	2	2	0	0	1	0	0	up	1	Highly Stable	Highly Stable Up	0
LT	RvY_18425-1	2	2	0	0	1	0	0	up	1	Highly Stable	Highly Stable Up	0
LT	RvY_18899	2	2	0	0	1	0	0	up	1	Highly Stable	Highly Stable Up	0
LT	RvY_18900	2	2	0	0	1	0	0	up	1	Highly Stable	Highly Stable Up	0
LT	RvY_19256-1	2	2	0	0	1	0	0	up	1	Highly Stable	Highly Stable Up	0
OSM	RvY_00147	1	0	1	0	0	1	0	down	1	Highly Stable	Highly Stable Down	0
OSM	RvY_00203-1	1	0	1	0	0	1	0	down	1	Highly Stable	Highly Stable Down	0
OSM	RvY_00237-1	1	0	1	0	0	1	0	down	1	Highly Stable	Highly Stable Down	0
OSM	RvY_00279	1	0	1	0	0	1	0	down	1	Highly Stable	Highly Stable Down	0
OSM	RvY_00391-1	1	0	1	0	0	1	0	down	1	Highly Stable	Highly Stable Down	0
OSM	RvY_00460-1	1	0	1	0	0	1	0	down	1	Highly Stable	Highly Stable Down	0
OSM	RvY_00627-1	1	0	1	0	0	1	0	down	1	Highly Stable	Highly Stable Down	0
OSM	RvY_00667-1	1	0	1	0	0	1	0	down	1	Highly Stable	Highly Stable Down	0
OSM	RvY_00747-1	1	0	1	0	0	1	0	down	1	Highly Stable	Highly Stable Down	0
OSM	RvY_00773	1	0	1	0	0	1	0	down	1	Highly Stable	Highly Stable Down	0
OSM	RvY_00856-1	1	0	1	0	0	1	0	down	1	Highly Stable	Highly Stable Down	0
OSM	RvY_00891-1	1	0	1	0	0	1	0	down	1	Highly Stable	Highly Stable Down	0
OSM	RvY_00916-1	1	0	1	0	0	1	0	down	1	Highly Stable	Highly Stable Down	0
OSM	RvY_00917-1	1	0	1	0	0	1	0	down	1	Highly Stable	Highly Stable Down	0
OSM	RvY_00918-1	1	0	1	0	0	1	0	down	1	Highly Stable	Highly Stable Down	0
OSM	RvY_00968-1	1	0	1	0	0	1	0	down	1	Highly Stable	Highly Stable Down	0
OSM	RvY_01028-1	1	0	1	0	0	1	0	down	1	Highly Stable	Highly Stable Down	0
OSM	RvY_01057	1	0	1	0	0	1	0	down	1	Highly Stable	Highly Stable Down	0
OSM	RvY_01092-1	1	0	1	0	0	1	0	down	1	Highly Stable	Highly Stable Down	0
OSM	RvY_01125-1	1	0	1	0	0	1	0	down	1	Highly Stable	Highly Stable Down	0
OSM	RvY_01303-1	1	0	1	0	0	1	0	down	1	Highly Stable	Highly Stable Down	0
OSM	RvY_01484-1	1	0	1	0	0	1	0	down	1	Highly Stable	Highly Stable Down	0
OSM	RvY_01503-1	1	0	1	0	0	1	0	down	1	Highly Stable	Highly Stable Down	0
OSM	RvY_01520-1	1	0	1	0	0	1	0	down	1	Highly Stable	Highly Stable Down	0
OSM	RvY_01568-1	1	0	1	0	0	1	0	down	1	Highly Stable	Highly Stable Down	0
OSM	RvY_01691	1	0	1	0	0	1	0	down	1	Highly Stable	Highly Stable Down	0
OSM	RvY_01828-1	1	0	1	0	0	1	0	down	1	Highly Stable	Highly Stable Down	0
OSM	RvY_01959-1	1	0	1	0	0	1	0	down	1	Highly Stable	Highly Stable Down	0
OSM	RvY_02109	1	0	1	0	0	1	0	down	1	Highly Stable	Highly Stable Down	0
OSM	RvY_02234-1	1	0	1	0	0	1	0	down	1	Highly Stable	Highly Stable Down	0
OSM	RvY_02237-1	1	0	1	0	0	1	0	down	1	Highly Stable	Highly Stable Down	0
OSM	RvY_02289-1	1	0	1	0	0	1	0	down	1	Highly Stable	Highly Stable Down	0
OSM	RvY_02381-1	1	0	1	0	0	1	0	down	1	Highly Stable	Highly Stable Down	0
OSM	RvY_02626-1	1	0	1	0	0	1	0	down	1	Highly Stable	Highly Stable Down	0
OSM	RvY_02759-1	1	0	1	0	0	1	0	down	1	Highly Stable	Highly Stable Down	0
OSM	RvY_02774-1	1	0	1	0	0	1	0	down	1	Highly Stable	Highly Stable Down	0
OSM	RvY_02929-1	1	0	1	0	0	1	0	down	1	Highly Stable	Highly Stable Down	0
OSM	RvY_02933-1	1	0	1	0	0	1	0	down	1	Highly Stable	Highly Stable Down	0
OSM	RvY_03023-1	1	0	1	0	0	1	0	down	1	Highly Stable	Highly Stable Down	0
OSM	RvY_03024-1	1	0	1	0	0	1	0	down	1	Highly Stable	Highly Stable Down	0
OSM	RvY_03166	1	0	1	0	0	1	0	down	1	Highly Stable	Highly Stable Down	0
OSM	RvY_03239-1	1	0	1	0	0	1	0	down	1	Highly Stable	Highly Stable Down	0
OSM	RvY_03251-1	1	0	1	0	0	1	0	down	1	Highly Stable	Highly Stable Down	0
OSM	RvY_03252	1	0	1	0	0	1	0	down	1	Highly Stable	Highly Stable Down	0
OSM	RvY_03260	1	0	1	0	0	1	0	down	1	Highly Stable	Highly Stable Down	0
OSM	RvY_03263-1	1	0	1	0	0	1	0	down	1	Highly Stable	Highly Stable Down	0
OSM	RvY_03267-1	1	0	1	0	0	1	0	down	1	Highly Stable	Highly Stable Down	0
OSM	RvY_03312-1	1	0	1	0	0	1	0	down	1	Highly Stable	Highly Stable Down	0
OSM	RvY_03313	1	0	1	0	0	1	0	down	1	Highly Stable	Highly Stable Down	0
OSM	RvY_03315-1	1	0	1	0	0	1	0	down	1	Highly Stable	Highly Stable Down	0
OSM	RvY_03320	1	0	1	0	0	1	0	down	1	Highly Stable	Highly Stable Down	0
OSM	RvY_03458-1	1	0	1	0	0	1	0	down	1	Highly Stable	Highly Stable Down	0
OSM	RvY_03467	1	0	1	0	0	1	0	down	1	Highly Stable	Highly Stable Down	0
OSM	RvY_03485-1	1	0	1	0	0	1	0	down	1	Highly Stable	Highly Stable Down	0
OSM	RvY_03544-1	1	0	1	0	0	1	0	down	1	Highly Stable	Highly Stable Down	0
OSM	RvY_03562	1	0	1	0	0	1	0	down	1	Highly Stable	Highly Stable Down	0
OSM	RvY_03921-1	1	0	1	0	0	1	0	down	1	Highly Stable	Highly Stable Down	0
OSM	RvY_03997-1	1	0	1	0	0	1	0	down	1	Highly Stable	Highly Stable Down	0
OSM	RvY_04041-1	1	0	1	0	0	1	0	down	1	Highly Stable	Highly Stable Down	0
OSM	RvY_04084	1	0	1	0	0	1	0	down	1	Highly Stable	Highly Stable Down	0
OSM	RvY_04177-1	1	0	1	0	0	1	0	down	1	Highly Stable	Highly Stable Down	0
OSM	RvY_04400	1	0	1	0	0	1	0	down	1	Highly Stable	Highly Stable Down	0
OSM	RvY_04437-1	1	0	1	0	0	1	0	down	1	Highly Stable	Highly Stable Down	0
OSM	RvY_04521	1	0	1	0	0	1	0	down	1	Highly Stable	Highly Stable Down	0
OSM	RvY_04550-1	1	0	1	0	0	1	0	down	1	Highly Stable	Highly Stable Down	0
OSM	RvY_04556-1	1	0	1	0	0	1	0	down	1	Highly Stable	Highly Stable Down	0
OSM	RvY_04608-1	1	0	1	0	0	1	0	down	1	Highly Stable	Highly Stable Down	0
OSM	RvY_04632	1	0	1	0	0	1	0	down	1	Highly Stable	Highly Stable Down	0
OSM	RvY_04799-1	1	0	1	0	0	1	0	down	1	Highly Stable	Highly Stable Down	0
OSM	RvY_04945	1	0	1	0	0	1	0	down	1	Highly Stable	Highly Stable Down	0
OSM	RvY_04976-1	1	0	1	0	0	1	0	down	1	Highly Stable	Highly Stable Down	0
OSM	RvY_05010-1	1	0	1	0	0	1	0	down	1	Highly Stable	Highly Stable Down	0
OSM	RvY_05049-1	1	0	1	0	0	1	0	down	1	Highly Stable	Highly Stable Down	0
OSM	RvY_05093-1	1	0	1	0	0	1	0	down	1	Highly Stable	Highly Stable Down	0
OSM	RvY_05132	1	0	1	0	0	1	0	down	1	Highly Stable	Highly Stable Down	0
OSM	RvY_05252-1	1	0	1	0	0	1	0	down	1	Highly Stable	Highly Stable Down	0
OSM	RvY_05518-1	1	0	1	0	0	1	0	down	1	Highly Stable	Highly Stable Down	0
OSM	RvY_05521-1	1	0	1	0	0	1	0	down	1	Highly Stable	Highly Stable Down	0
OSM	RvY_05599-1	1	0	1	0	0	1	0	down	1	Highly Stable	Highly Stable Down	0
OSM	RvY_05709-1	1	0	1	0	0	1	0	down	1	Highly Stable	Highly Stable Down	0
OSM	RvY_05714-1	1	0	1	0	0	1	0	down	1	Highly Stable	Highly Stable Down	0
OSM	RvY_05798-1	1	0	1	0	0	1	0	down	1	Highly Stable	Highly Stable Down	0
OSM	RvY_05865-1	1	0	1	0	0	1	0	down	1	Highly Stable	Highly Stable Down	0
OSM	RvY_06069-1	1	0	1	0	0	1	0	down	1	Highly Stable	Highly Stable Down	0
OSM	RvY_06091-1	1	0	1	0	0	1	0	down	1	Highly Stable	Highly Stable Down	0
OSM	RvY_06219	1	0	1	0	0	1	0	down	1	Highly Stable	Highly Stable Down	0
OSM	RvY_06247	1	0	1	0	0	1	0	down	1	Highly Stable	Highly Stable Down	0
OSM	RvY_06310-1	1	0	1	0	0	1	0	down	1	Highly Stable	Highly Stable Down	0
OSM	RvY_06757-1	1	0	1	0	0	1	0	down	1	Highly Stable	Highly Stable Down	0
OSM	RvY_06765-1	1	0	1	0	0	1	0	down	1	Highly Stable	Highly Stable Down	0
OSM	RvY_06860	1	0	1	0	0	1	0	down	1	Highly Stable	Highly Stable Down	0
OSM	RvY_07025-1	1	0	1	0	0	1	0	down	1	Highly Stable	Highly Stable Down	0
OSM	RvY_07029-1	1	0	1	0	0	1	0	down	1	Highly Stable	Highly Stable Down	0
OSM	RvY_07044-1	1	0	1	0	0	1	0	down	1	Highly Stable	Highly Stable Down	0
OSM	RvY_07269-1	1	0	1	0	0	1	0	down	1	Highly Stable	Highly Stable Down	0
OSM	RvY_07536-1	1	0	1	0	0	1	0	down	1	Highly Stable	Highly Stable Down	0
OSM	RvY_07604	1	0	1	0	0	1	0	down	1	Highly Stable	Highly Stable Down	0
OSM	RvY_07627-1	1	0	1	0	0	1	0	down	1	Highly Stable	Highly Stable Down	0
OSM	RvY_07810-1	1	0	1	0	0	1	0	down	1	Highly Stable	Highly Stable Down	0
OSM	RvY_07891-1	1	0	1	0	0	1	0	down	1	Highly Stable	Highly Stable Down	0
OSM	RvY_00443-1	1	1	0	0	1	0	0	up	1	Highly Stable	Highly Stable Up	0
OSM	RvY_00461-1	1	1	0	0	1	0	0	up	1	Highly Stable	Highly Stable Up	0
OSM	RvY_00462-1	1	1	0	0	1	0	0	up	1	Highly Stable	Highly Stable Up	0
OSM	RvY_00633-1	1	1	0	0	1	0	0	up	1	Highly Stable	Highly Stable Up	0
OSM	RvY_00636-1	1	1	0	0	1	0	0	up	1	Highly Stable	Highly Stable Up	0
OSM	RvY_00637-1	1	1	0	0	1	0	0	up	1	Highly Stable	Highly Stable Up	0
OSM	RvY_00725-1	1	1	0	0	1	0	0	up	1	Highly Stable	Highly Stable Up	0
OSM	RvY_00946-1	1	1	0	0	1	0	0	up	1	Highly Stable	Highly Stable Up	0
OSM	RvY_01191-1	1	1	0	0	1	0	0	up	1	Highly Stable	Highly Stable Up	0
OSM	RvY_01288	1	1	0	0	1	0	0	up	1	Highly Stable	Highly Stable Up	0
OSM	RvY_01301-1	1	1	0	0	1	0	0	up	1	Highly Stable	Highly Stable Up	0
OSM	RvY_01313-1	1	1	0	0	1	0	0	up	1	Highly Stable	Highly Stable Up	0
OSM	RvY_01414-1	1	1	0	0	1	0	0	up	1	Highly Stable	Highly Stable Up	0
OSM	RvY_01446	1	1	0	0	1	0	0	up	1	Highly Stable	Highly Stable Up	0
OSM	RvY_01450	1	1	0	0	1	0	0	up	1	Highly Stable	Highly Stable Up	0
OSM	RvY_01658-1	1	1	0	0	1	0	0	up	1	Highly Stable	Highly Stable Up	0
OSM	RvY_01753	1	1	0	0	1	0	0	up	1	Highly Stable	Highly Stable Up	0
OSM	RvY_02458-1	1	1	0	0	1	0	0	up	1	Highly Stable	Highly Stable Up	0
OSM	RvY_02459-1	1	1	0	0	1	0	0	up	1	Highly Stable	Highly Stable Up	0
OSM	RvY_02650-1	1	1	0	0	1	0	0	up	1	Highly Stable	Highly Stable Up	0
OSM	RvY_02697-1	1	1	0	0	1	0	0	up	1	Highly Stable	Highly Stable Up	0
OSM	RvY_02698-1	1	1	0	0	1	0	0	up	1	Highly Stable	Highly Stable Up	0
OSM	RvY_02778-1	1	1	0	0	1	0	0	up	1	Highly Stable	Highly Stable Up	0
OSM	RvY_02813-0	1	1	0	0	1	0	0	up	1	Highly Stable	Highly Stable Up	0
OSM	RvY_02981-1	1	1	0	0	1	0	0	up	1	Highly Stable	Highly Stable Up	0
OSM	RvY_03219-1	1	1	0	0	1	0	0	up	1	Highly Stable	Highly Stable Up	0
OSM	RvY_03227-1	1	1	0	0	1	0	0	up	1	Highly Stable	Highly Stable Up	0
OSM	RvY_03394-1	1	1	0	0	1	0	0	up	1	Highly Stable	Highly Stable Up	0
OSM	RvY_03445-1	1	1	0	0	1	0	0	up	1	Highly Stable	Highly Stable Up	0
OSM	RvY_03604-1	1	1	0	0	1	0	0	up	1	Highly Stable	Highly Stable Up	0
OSM	RvY_03637-1	1	1	0	0	1	0	0	up	1	Highly Stable	Highly Stable Up	0
OSM	RvY_03666-1	1	1	0	0	1	0	0	up	1	Highly Stable	Highly Stable Up	0
OSM	RvY_03692-1	1	1	0	0	1	0	0	up	1	Highly Stable	Highly Stable Up	0
OSM	RvY_03857-1	1	1	0	0	1	0	0	up	1	Highly Stable	Highly Stable Up	0
OSM	RvY_03998-1	1	1	0	0	1	0	0	up	1	Highly Stable	Highly Stable Up	0
OSM	RvY_04023-1	1	1	0	0	1	0	0	up	1	Highly Stable	Highly Stable Up	0
OSM	RvY_04086	1	1	0	0	1	0	0	up	1	Highly Stable	Highly Stable Up	0
OSM	RvY_04303-1	1	1	0	0	1	0	0	up	1	Highly Stable	Highly Stable Up	0
OSM	RvY_04384-1	1	1	0	0	1	0	0	up	1	Highly Stable	Highly Stable Up	0
OSM	RvY_04545	1	1	0	0	1	0	0	up	1	Highly Stable	Highly Stable Up	0
OSM	RvY_04617-1	1	1	0	0	1	0	0	up	1	Highly Stable	Highly Stable Up	0
OSM	RvY_04707-1	1	1	0	0	1	0	0	up	1	Highly Stable	Highly Stable Up	0
OSM	RvY_04747-1	1	1	0	0	1	0	0	up	1	Highly Stable	Highly Stable Up	0
OSM	RvY_04767-1	1	1	0	0	1	0	0	up	1	Highly Stable	Highly Stable Up	0
OSM	RvY_04778	1	1	0	0	1	0	0	up	1	Highly Stable	Highly Stable Up	0
OSM	RvY_04978	1	1	0	0	1	0	0	up	1	Highly Stable	Highly Stable Up	0
OSM	RvY_05021-1	1	1	0	0	1	0	0	up	1	Highly Stable	Highly Stable Up	0
OSM	RvY_05105-1	1	1	0	0	1	0	0	up	1	Highly Stable	Highly Stable Up	0
OSM	RvY_05437-1	1	1	0	0	1	0	0	up	1	Highly Stable	Highly Stable Up	0
OSM	RvY_05550	1	1	0	0	1	0	0	up	1	Highly Stable	Highly Stable Up	0
OSM	RvY_05781-1	1	1	0	0	1	0	0	up	1	Highly Stable	Highly Stable Up	0
OSM	RvY_05949-1	1	1	0	0	1	0	0	up	1	Highly Stable	Highly Stable Up	0
OSM	RvY_05995-1	1	1	0	0	1	0	0	up	1	Highly Stable	Highly Stable Up	0
OSM	RvY_06101-1	1	1	0	0	1	0	0	up	1	Highly Stable	Highly Stable Up	0
OSM	RvY_06151-1	1	1	0	0	1	0	0	up	1	Highly Stable	Highly Stable Up	0
OSM	RvY_06170-1	1	1	0	0	1	0	0	up	1	Highly Stable	Highly Stable Up	0
OSM	RvY_06255-3	1	1	0	0	1	0	0	up	1	Highly Stable	Highly Stable Up	0
OSM	RvY_06370-1	1	1	0	0	1	0	0	up	1	Highly Stable	Highly Stable Up	0
OSM	RvY_06476	1	1	0	0	1	0	0	up	1	Highly Stable	Highly Stable Up	0
OSM	RvY_06484-1	1	1	0	0	1	0	0	up	1	Highly Stable	Highly Stable Up	0
OSM	RvY_06560-1	1	1	0	0	1	0	0	up	1	Highly Stable	Highly Stable Up	0
OSM	RvY_06576-1	1	1	0	0	1	0	0	up	1	Highly Stable	Highly Stable Up	0
OSM	RvY_06604-1	1	1	0	0	1	0	0	up	1	Highly Stable	Highly Stable Up	0
OSM	RvY_06771-1	1	1	0	0	1	0	0	up	1	Highly Stable	Highly Stable Up	0
OSM	RvY_06772-1	1	1	0	0	1	0	0	up	1	Highly Stable	Highly Stable Up	0
OSM	RvY_06773-1	1	1	0	0	1	0	0	up	1	Highly Stable	Highly Stable Up	0
OSM	RvY_06805-1	1	1	0	0	1	0	0	up	1	Highly Stable	Highly Stable Up	0
OSM	RvY_07027-1	1	1	0	0	1	0	0	up	1	Highly Stable	Highly Stable Up	0
OSM	RvY_07146-1	1	1	0	0	1	0	0	up	1	Highly Stable	Highly Stable Up	0
OSM	RvY_07174-1	1	1	0	0	1	0	0	up	1	Highly Stable	Highly Stable Up	0
OSM	RvY_07226-1	1	1	0	0	1	0	0	up	1	Highly Stable	Highly Stable Up	0
OSM	RvY_07276-1	1	1	0	0	1	0	0	up	1	Highly Stable	Highly Stable Up	0
OSM	RvY_07354-1	1	1	0	0	1	0	0	up	1	Highly Stable	Highly Stable Up	0
OSM	RvY_07400-1	1	1	0	0	1	0	0	up	1	Highly Stable	Highly Stable Up	0
OSM	RvY_07424-1	1	1	0	0	1	0	0	up	1	Highly Stable	Highly Stable Up	0
OSM	RvY_07444-1	1	1	0	0	1	0	0	up	1	Highly Stable	Highly Stable Up	0
OSM	RvY_07450-1	1	1	0	0	1	0	0	up	1	Highly Stable	Highly Stable Up	0
OSM	RvY_07451-1	1	1	0	0	1	0	0	up	1	Highly Stable	Highly Stable Up	0
OSM	RvY_07533-1	1	1	0	0	1	0	0	up	1	Highly Stable	Highly Stable Up	0
OSM	RvY_07623-1	1	1	0	0	1	0	0	up	1	Highly Stable	Highly Stable Up	0
OSM	RvY_07721-1	1	1	0	0	1	0	0	up	1	Highly Stable	Highly Stable Up	0
OSM	RvY_07804-1	1	1	0	0	1	0	0	up	1	Highly Stable	Highly Stable Up	0
OSM	RvY_07876-1	1	1	0	0	1	0	0	up	1	Highly Stable	Highly Stable Up	0
OSM	RvY_07879-1	1	1	0	0	1	0	0	up	1	Highly Stable	Highly Stable Up	0
OSM	RvY_07920	1	1	0	0	1	0	0	up	1	Highly Stable	Highly Stable Up	0
OSM	RvY_08549-1	1	1	0	0	1	0	0	up	1	Highly Stable	Highly Stable Up	0
OSM	RvY_08665-1	1	1	0	0	1	0	0	up	1	Highly Stable	Highly Stable Up	0
OSM	RvY_08696	1	1	0	0	1	0	0	up	1	Highly Stable	Highly Stable Up	0
OSM	RvY_08733-1	1	1	0	0	1	0	0	up	1	Highly Stable	Highly Stable Up	0
OSM	RvY_08734-1	1	1	0	0	1	0	0	up	1	Highly Stable	Highly Stable Up	0
OSM	RvY_09389-1	1	1	0	0	1	0	0	up	1	Highly Stable	Highly Stable Up	0
OSM	RvY_09803-1	1	1	0	0	1	0	0	up	1	Highly Stable	Highly Stable Up	0
OSM	RvY_09912-1	1	1	0	0	1	0	0	up	1	Highly Stable	Highly Stable Up	0
OSM	RvY_09968-1	1	1	0	0	1	0	0	up	1	Highly Stable	Highly Stable Up	0
OSM	RvY_09994-1	1	1	0	0	1	0	0	up	1	Highly Stable	Highly Stable Up	0
OSM	RvY_10039-1	1	1	0	0	1	0	0	up	1	Highly Stable	Highly Stable Up	0
OSM	RvY_10051-1	1	1	0	0	1	0	0	up	1	Highly Stable	Highly Stable Up	0
OSM	RvY_10061-1	1	1	0	0	1	0	0	up	1	Highly Stable	Highly Stable Up	0
OSM	RvY_10127	1	1	0	0	1	0	0	up	1	Highly Stable	Highly Stable Up	0
OSM	RvY_10357-1	1	1	0	0	1	0	0	up	1	Highly Stable	Highly Stable Up	0
UV	RvY_00467-1	14	0	14	0	0	1	0	down	1	Highly Stable	Highly Stable Down	0
UV	RvY_00468-1	14	0	14	0	0	1	0	down	1	Highly Stable	Highly Stable Down	0
UV	RvY_00482-1	14	0	14	0	0	1	0	down	1	Highly Stable	Highly Stable Down	0
UV	RvY_03100-1	14	0	14	0	0	1	0	down	1	Highly Stable	Highly Stable Down	0
UV	RvY_03101-1	14	0	14	0	0	1	0	down	1	Highly Stable	Highly Stable Down	0
UV	RvY_03511	14	0	14	0	0	1	0	down	1	Highly Stable	Highly Stable Down	0
UV	RvY_03744-1	14	0	14	0	0	1	0	down	1	Highly Stable	Highly Stable Down	0
UV	RvY_03764-1	14	0	14	0	0	1	0	down	1	Highly Stable	Highly Stable Down	0
UV	RvY_04051-1	14	0	14	0	0	1	0	down	1	Highly Stable	Highly Stable Down	0
UV	RvY_04617-1	14	0	14	0	0	1	0	down	1	Highly Stable	Highly Stable Down	0
UV	RvY_04743-1	14	0	14	0	0	1	0	down	1	Highly Stable	Highly Stable Down	0
UV	RvY_05779-1	14	0	14	0	0	1	0	down	1	Highly Stable	Highly Stable Down	0
UV	RvY_06342	14	0	14	0	0	1	0	down	1	Highly Stable	Highly Stable Down	0
UV	RvY_06351-1	14	0	14	0	0	1	0	down	1	Highly Stable	Highly Stable Down	0
UV	RvY_06764-1	14	0	14	0	0	1	0	down	1	Highly Stable	Highly Stable Down	0
UV	RvY_07789-1	14	0	14	0	0	1	0	down	1	Highly Stable	Highly Stable Down	0
UV	RvY_08196-1	14	0	14	0	0	1	0	down	1	Highly Stable	Highly Stable Down	0
UV	RvY_08293-1	14	0	14	0	0	1	0	down	1	Highly Stable	Highly Stable Down	0
UV	RvY_08431-1	14	0	14	0	0	1	0	down	1	Highly Stable	Highly Stable Down	0
UV	RvY_08611-1	14	0	14	0	0	1	0	down	1	Highly Stable	Highly Stable Down	0
UV	RvY_08972	14	0	14	0	0	1	0	down	1	Highly Stable	Highly Stable Down	0
UV	RvY_10291-1	14	0	14	0	0	1	0	down	1	Highly Stable	Highly Stable Down	0
UV	RvY_10458	14	0	14	0	0	1	0	down	1	Highly Stable	Highly Stable Down	0
UV	RvY_11038-1	14	0	14	0	0	1	0	down	1	Highly Stable	Highly Stable Down	0
UV	RvY_11879	14	0	14	0	0	1	0	down	1	Highly Stable	Highly Stable Down	0
UV	RvY_12077	14	0	14	0	0	1	0	down	1	Highly Stable	Highly Stable Down	0
UV	RvY_12252	14	0	14	0	0	1	0	down	1	Highly Stable	Highly Stable Down	0
UV	RvY_12301-1	14	0	14	0	0	1	0	down	1	Highly Stable	Highly Stable Down	0
UV	RvY_14245-1	14	0	14	0	0	1	0	down	1	Highly Stable	Highly Stable Down	0
UV	RvY_14728-1	14	0	14	0	0	1	0	down	1	Highly Stable	Highly Stable Down	0
UV	RvY_14990-1	14	0	14	0	0	1	0	down	1	Highly Stable	Highly Stable Down	0
UV	RvY_15001-1	14	0	14	0	0	1	0	down	1	Highly Stable	Highly Stable Down	0
UV	RvY_15159-1	14	0	14	0	0	1	0	down	1	Highly Stable	Highly Stable Down	0
UV	RvY_16639-1	14	0	14	0	0	1	0	down	1	Highly Stable	Highly Stable Down	0
UV	RvY_16845-1	14	0	14	0	0	1	0	down	1	Highly Stable	Highly Stable Down	0
UV	RvY_16958-1	14	0	14	0	0	1	0	down	1	Highly Stable	Highly Stable Down	0
UV	RvY_17050-1	14	0	14	0	0	1	0	down	1	Highly Stable	Highly Stable Down	0
UV	RvY_18007-1	14	0	14	0	0	1	0	down	1	Highly Stable	Highly Stable Down	0
UV	RvY_18544-1	14	0	14	0	0	1	0	down	1	Highly Stable	Highly Stable Down	0
UV	RvY_00222-1	14	0	13	1	0	0.928571428571429	0.0714285714285714	down	0.928571428571429	Highly Stable	Highly Stable Down	0.0714285714285714
UV	RvY_00312-1	14	0	13	1	0	0.928571428571429	0.0714285714285714	down	0.928571428571429	Highly Stable	Highly Stable Down	0.0714285714285714
UV	RvY_00835-1	14	0	13	1	0	0.928571428571429	0.0714285714285714	down	0.928571428571429	Highly Stable	Highly Stable Down	0.0714285714285714
UV	RvY_00977-1	14	0	13	1	0	0.928571428571429	0.0714285714285714	down	0.928571428571429	Highly Stable	Highly Stable Down	0.0714285714285714
UV	RvY_01055-2	14	0	13	1	0	0.928571428571429	0.0714285714285714	down	0.928571428571429	Highly Stable	Highly Stable Down	0.0714285714285714
UV	RvY_01197-1	14	0	13	1	0	0.928571428571429	0.0714285714285714	down	0.928571428571429	Highly Stable	Highly Stable Down	0.0714285714285714
UV	RvY_01332-1	14	0	13	1	0	0.928571428571429	0.0714285714285714	down	0.928571428571429	Highly Stable	Highly Stable Down	0.0714285714285714
UV	RvY_01565-1	14	0	13	1	0	0.928571428571429	0.0714285714285714	down	0.928571428571429	Highly Stable	Highly Stable Down	0.0714285714285714
UV	RvY_01899	14	0	13	1	0	0.928571428571429	0.0714285714285714	down	0.928571428571429	Highly Stable	Highly Stable Down	0.0714285714285714
UV	RvY_02074-1	14	0	13	1	0	0.928571428571429	0.0714285714285714	down	0.928571428571429	Highly Stable	Highly Stable Down	0.0714285714285714
UV	RvY_02465-1	14	0	13	1	0	0.928571428571429	0.0714285714285714	down	0.928571428571429	Highly Stable	Highly Stable Down	0.0714285714285714
UV	RvY_02641	14	0	13	1	0	0.928571428571429	0.0714285714285714	down	0.928571428571429	Highly Stable	Highly Stable Down	0.0714285714285714
UV	RvY_02649-1	14	0	13	1	0	0.928571428571429	0.0714285714285714	down	0.928571428571429	Highly Stable	Highly Stable Down	0.0714285714285714
UV	RvY_03073-1	14	0	13	1	0	0.928571428571429	0.0714285714285714	down	0.928571428571429	Highly Stable	Highly Stable Down	0.0714285714285714
UV	RvY_03082-1	14	0	13	1	0	0.928571428571429	0.0714285714285714	down	0.928571428571429	Highly Stable	Highly Stable Down	0.0714285714285714
UV	RvY_03124-1	14	0	13	1	0	0.928571428571429	0.0714285714285714	down	0.928571428571429	Highly Stable	Highly Stable Down	0.0714285714285714
UV	RvY_03142-1	14	0	13	1	0	0.928571428571429	0.0714285714285714	down	0.928571428571429	Highly Stable	Highly Stable Down	0.0714285714285714
UV	RvY_03152	14	0	13	1	0	0.928571428571429	0.0714285714285714	down	0.928571428571429	Highly Stable	Highly Stable Down	0.0714285714285714
UV	RvY_03664-1	14	0	13	1	0	0.928571428571429	0.0714285714285714	down	0.928571428571429	Highly Stable	Highly Stable Down	0.0714285714285714
UV	RvY_03666-1	14	0	13	1	0	0.928571428571429	0.0714285714285714	down	0.928571428571429	Highly Stable	Highly Stable Down	0.0714285714285714
UV	RvY_03718-1	14	0	13	1	0	0.928571428571429	0.0714285714285714	down	0.928571428571429	Highly Stable	Highly Stable Down	0.0714285714285714
UV	RvY_03742-1	14	0	13	1	0	0.928571428571429	0.0714285714285714	down	0.928571428571429	Highly Stable	Highly Stable Down	0.0714285714285714
UV	RvY_03743-1	14	0	13	1	0	0.928571428571429	0.0714285714285714	down	0.928571428571429	Highly Stable	Highly Stable Down	0.0714285714285714
UV	RvY_03819-1	14	0	13	1	0	0.928571428571429	0.0714285714285714	down	0.928571428571429	Highly Stable	Highly Stable Down	0.0714285714285714
UV	RvY_03820	14	0	13	1	0	0.928571428571429	0.0714285714285714	down	0.928571428571429	Highly Stable	Highly Stable Down	0.0714285714285714
UV	RvY_03920-1	14	0	13	1	0	0.928571428571429	0.0714285714285714	down	0.928571428571429	Highly Stable	Highly Stable Down	0.0714285714285714
UV	RvY_03987	14	0	13	1	0	0.928571428571429	0.0714285714285714	down	0.928571428571429	Highly Stable	Highly Stable Down	0.0714285714285714
UV	RvY_04062	14	0	13	1	0	0.928571428571429	0.0714285714285714	down	0.928571428571429	Highly Stable	Highly Stable Down	0.0714285714285714
UV	RvY_04157-1	14	0	13	1	0	0.928571428571429	0.0714285714285714	down	0.928571428571429	Highly Stable	Highly Stable Down	0.0714285714285714
UV	RvY_04670-1	14	0	13	1	0	0.928571428571429	0.0714285714285714	down	0.928571428571429	Highly Stable	Highly Stable Down	0.0714285714285714
UV	RvY_05578-1	14	0	13	1	0	0.928571428571429	0.0714285714285714	down	0.928571428571429	Highly Stable	Highly Stable Down	0.0714285714285714
UV	RvY_05856	14	0	13	1	0	0.928571428571429	0.0714285714285714	down	0.928571428571429	Highly Stable	Highly Stable Down	0.0714285714285714
UV	RvY_06305-1	14	0	13	1	0	0.928571428571429	0.0714285714285714	down	0.928571428571429	Highly Stable	Highly Stable Down	0.0714285714285714
UV	RvY_06615-1	14	0	13	1	0	0.928571428571429	0.0714285714285714	down	0.928571428571429	Highly Stable	Highly Stable Down	0.0714285714285714
UV	RvY_06616-1	14	1	13	0	0.0714285714285714	0.928571428571429	0	down	0.928571428571429	Highly Stable	Highly Stable Down	0.0714285714285714
UV	RvY_06686-1	14	0	13	1	0	0.928571428571429	0.0714285714285714	down	0.928571428571429	Highly Stable	Highly Stable Down	0.0714285714285714
UV	RvY_06734-1	14	0	13	1	0	0.928571428571429	0.0714285714285714	down	0.928571428571429	Highly Stable	Highly Stable Down	0.0714285714285714
UV	RvY_06797-1	14	0	13	1	0	0.928571428571429	0.0714285714285714	down	0.928571428571429	Highly Stable	Highly Stable Down	0.0714285714285714
UV	RvY_06876-1	14	0	13	1	0	0.928571428571429	0.0714285714285714	down	0.928571428571429	Highly Stable	Highly Stable Down	0.0714285714285714
UV	RvY_07002	14	1	13	0	0.0714285714285714	0.928571428571429	0	down	0.928571428571429	Highly Stable	Highly Stable Down	0.0714285714285714
UV	RvY_07274-1	14	0	13	1	0	0.928571428571429	0.0714285714285714	down	0.928571428571429	Highly Stable	Highly Stable Down	0.0714285714285714
UV	RvY_07280-1	14	0	13	1	0	0.928571428571429	0.0714285714285714	down	0.928571428571429	Highly Stable	Highly Stable Down	0.0714285714285714
UV	RvY_07308	14	0	13	1	0	0.928571428571429	0.0714285714285714	down	0.928571428571429	Highly Stable	Highly Stable Down	0.0714285714285714
UV	RvY_07920	14	0	13	1	0	0.928571428571429	0.0714285714285714	down	0.928571428571429	Highly Stable	Highly Stable Down	0.0714285714285714
UV	RvY_08613-1	14	0	13	1	0	0.928571428571429	0.0714285714285714	down	0.928571428571429	Highly Stable	Highly Stable Down	0.0714285714285714
UV	RvY_08736	14	0	13	1	0	0.928571428571429	0.0714285714285714	down	0.928571428571429	Highly Stable	Highly Stable Down	0.0714285714285714
UV	RvY_09023	14	0	13	1	0	0.928571428571429	0.0714285714285714	down	0.928571428571429	Highly Stable	Highly Stable Down	0.0714285714285714
UV	RvY_09127-1	14	0	13	1	0	0.928571428571429	0.0714285714285714	down	0.928571428571429	Highly Stable	Highly Stable Down	0.0714285714285714
UV	RvY_09350-1	14	0	13	1	0	0.928571428571429	0.0714285714285714	down	0.928571428571429	Highly Stable	Highly Stable Down	0.0714285714285714
UV	RvY_09694-1	14	0	13	1	0	0.928571428571429	0.0714285714285714	down	0.928571428571429	Highly Stable	Highly Stable Down	0.0714285714285714
UV	RvY_09749	14	0	13	1	0	0.928571428571429	0.0714285714285714	down	0.928571428571429	Highly Stable	Highly Stable Down	0.0714285714285714
UV	RvY_10001	14	0	13	1	0	0.928571428571429	0.0714285714285714	down	0.928571428571429	Highly Stable	Highly Stable Down	0.0714285714285714
UV	RvY_10183-1	14	0	13	1	0	0.928571428571429	0.0714285714285714	down	0.928571428571429	Highly Stable	Highly Stable Down	0.0714285714285714
UV	RvY_11220-1	14	0	13	1	0	0.928571428571429	0.0714285714285714	down	0.928571428571429	Highly Stable	Highly Stable Down	0.0714285714285714
UV	RvY_11604	14	0	13	1	0	0.928571428571429	0.0714285714285714	down	0.928571428571429	Highly Stable	Highly Stable Down	0.0714285714285714
UV	RvY_11775-1	14	0	13	1	0	0.928571428571429	0.0714285714285714	down	0.928571428571429	Highly Stable	Highly Stable Down	0.0714285714285714
UV	RvY_12350-1	14	0	13	1	0	0.928571428571429	0.0714285714285714	down	0.928571428571429	Highly Stable	Highly Stable Down	0.0714285714285714
UV	RvY_12649-1	14	0	13	1	0	0.928571428571429	0.0714285714285714	down	0.928571428571429	Highly Stable	Highly Stable Down	0.0714285714285714
UV	RvY_12650-1	14	0	13	1	0	0.928571428571429	0.0714285714285714	down	0.928571428571429	Highly Stable	Highly Stable Down	0.0714285714285714
UV	RvY_12829	14	0	13	1	0	0.928571428571429	0.0714285714285714	down	0.928571428571429	Highly Stable	Highly Stable Down	0.0714285714285714
UV	RvY_13511-1	14	0	13	1	0	0.928571428571429	0.0714285714285714	down	0.928571428571429	Highly Stable	Highly Stable Down	0.0714285714285714
UV	RvY_00543-1	14	14	0	0	1	0	0	up	1	Highly Stable	Highly Stable Up	0
UV	RvY_02247-1	14	14	0	0	1	0	0	up	1	Highly Stable	Highly Stable Up	0
UV	RvY_03487-1	14	14	0	0	1	0	0	up	1	Highly Stable	Highly Stable Up	0
UV	RvY_04200	14	14	0	0	1	0	0	up	1	Highly Stable	Highly Stable Up	0
UV	RvY_04202	14	14	0	0	1	0	0	up	1	Highly Stable	Highly Stable Up	0
UV	RvY_05047-1	14	14	0	0	1	0	0	up	1	Highly Stable	Highly Stable Up	0
UV	RvY_05521-1	14	14	0	0	1	0	0	up	1	Highly Stable	Highly Stable Up	0
UV	RvY_06255-3	14	14	0	0	1	0	0	up	1	Highly Stable	Highly Stable Up	0
UV	RvY_06501-1	14	14	0	0	1	0	0	up	1	Highly Stable	Highly Stable Up	0
UV	RvY_07182-1	14	14	0	0	1	0	0	up	1	Highly Stable	Highly Stable Up	0
UV	RvY_07292-1	14	14	0	0	1	0	0	up	1	Highly Stable	Highly Stable Up	0
UV	RvY_07643-1	14	14	0	0	1	0	0	up	1	Highly Stable	Highly Stable Up	0
UV	RvY_07644-1	14	14	0	0	1	0	0	up	1	Highly Stable	Highly Stable Up	0
UV	RvY_07949-1	14	14	0	0	1	0	0	up	1	Highly Stable	Highly Stable Up	0
UV	RvY_10068-1	14	14	0	0	1	0	0	up	1	Highly Stable	Highly Stable Up	0
UV	RvY_10560	14	14	0	0	1	0	0	up	1	Highly Stable	Highly Stable Up	0
UV	RvY_11464-1	14	14	0	0	1	0	0	up	1	Highly Stable	Highly Stable Up	0
UV	RvY_11867-1	14	14	0	0	1	0	0	up	1	Highly Stable	Highly Stable Up	0
UV	RvY_12016-1	14	14	0	0	1	0	0	up	1	Highly Stable	Highly Stable Up	0
UV	RvY_12084-1	14	14	0	0	1	0	0	up	1	Highly Stable	Highly Stable Up	0
UV	RvY_12313-1	14	14	0	0	1	0	0	up	1	Highly Stable	Highly Stable Up	0
UV	RvY_12322-1	14	14	0	0	1	0	0	up	1	Highly Stable	Highly Stable Up	0
UV	RvY_12499-1	14	14	0	0	1	0	0	up	1	Highly Stable	Highly Stable Up	0
UV	RvY_12540	14	14	0	0	1	0	0	up	1	Highly Stable	Highly Stable Up	0
UV	RvY_13094-1	14	14	0	0	1	0	0	up	1	Highly Stable	Highly Stable Up	0
UV	RvY_13271-1	14	14	0	0	1	0	0	up	1	Highly Stable	Highly Stable Up	0
UV	RvY_13336	14	14	0	0	1	0	0	up	1	Highly Stable	Highly Stable Up	0
UV	RvY_13782-1	14	14	0	0	1	0	0	up	1	Highly Stable	Highly Stable Up	0
UV	RvY_14257	14	14	0	0	1	0	0	up	1	Highly Stable	Highly Stable Up	0
UV	RvY_14376-1	14	14	0	0	1	0	0	up	1	Highly Stable	Highly Stable Up	0
UV	RvY_14594-1	14	14	0	0	1	0	0	up	1	Highly Stable	Highly Stable Up	0
UV	RvY_14888-1	14	14	0	0	1	0	0	up	1	Highly Stable	Highly Stable Up	0
UV	RvY_14984-1	14	14	0	0	1	0	0	up	1	Highly Stable	Highly Stable Up	0
UV	RvY_15086-1	14	14	0	0	1	0	0	up	1	Highly Stable	Highly Stable Up	0
UV	RvY_15852-1	14	14	0	0	1	0	0	up	1	Highly Stable	Highly Stable Up	0
UV	RvY_16235	14	14	0	0	1	0	0	up	1	Highly Stable	Highly Stable Up	0
UV	RvY_17616-1	14	14	0	0	1	0	0	up	1	Highly Stable	Highly Stable Up	0
UV	RvY_18231	14	14	0	0	1	0	0	up	1	Highly Stable	Highly Stable Up	0
UV	RvY_18474-1	14	14	0	0	1	0	0	up	1	Highly Stable	Highly Stable Up	0
UV	RvY_18959-1	14	14	0	0	1	0	0	up	1	Highly Stable	Highly Stable Up	0
UV	RvY_00327-1	14	13	0	1	0.928571428571429	0	0.0714285714285714	up	0.928571428571429	Highly Stable	Highly Stable Up	0.0714285714285714
UV	RvY_00334-1	14	13	0	1	0.928571428571429	0	0.0714285714285714	up	0.928571428571429	Highly Stable	Highly Stable Up	0.0714285714285714
UV	RvY_00344-1	14	13	0	1	0.928571428571429	0	0.0714285714285714	up	0.928571428571429	Highly Stable	Highly Stable Up	0.0714285714285714
UV	RvY_00419-1	14	13	0	1	0.928571428571429	0	0.0714285714285714	up	0.928571428571429	Highly Stable	Highly Stable Up	0.0714285714285714
UV	RvY_00438-1	14	13	0	1	0.928571428571429	0	0.0714285714285714	up	0.928571428571429	Highly Stable	Highly Stable Up	0.0714285714285714
UV	RvY_00900-1	14	13	0	1	0.928571428571429	0	0.0714285714285714	up	0.928571428571429	Highly Stable	Highly Stable Up	0.0714285714285714
UV	RvY_00970-1	14	13	0	1	0.928571428571429	0	0.0714285714285714	up	0.928571428571429	Highly Stable	Highly Stable Up	0.0714285714285714
UV	RvY_01078-1	14	13	0	1	0.928571428571429	0	0.0714285714285714	up	0.928571428571429	Highly Stable	Highly Stable Up	0.0714285714285714
UV	RvY_01304	14	13	0	1	0.928571428571429	0	0.0714285714285714	up	0.928571428571429	Highly Stable	Highly Stable Up	0.0714285714285714
UV	RvY_01661-1	14	13	0	1	0.928571428571429	0	0.0714285714285714	up	0.928571428571429	Highly Stable	Highly Stable Up	0.0714285714285714
UV	RvY_01716-1	14	13	0	1	0.928571428571429	0	0.0714285714285714	up	0.928571428571429	Highly Stable	Highly Stable Up	0.0714285714285714
UV	RvY_02668-1	14	13	0	1	0.928571428571429	0	0.0714285714285714	up	0.928571428571429	Highly Stable	Highly Stable Up	0.0714285714285714
UV	RvY_02690-1	14	13	0	1	0.928571428571429	0	0.0714285714285714	up	0.928571428571429	Highly Stable	Highly Stable Up	0.0714285714285714
UV	RvY_02745	14	13	0	1	0.928571428571429	0	0.0714285714285714	up	0.928571428571429	Highly Stable	Highly Stable Up	0.0714285714285714
UV	RvY_02799-1	14	13	0	1	0.928571428571429	0	0.0714285714285714	up	0.928571428571429	Highly Stable	Highly Stable Up	0.0714285714285714
UV	RvY_02802-1	14	13	0	1	0.928571428571429	0	0.0714285714285714	up	0.928571428571429	Highly Stable	Highly Stable Up	0.0714285714285714
UV	RvY_03227-1	14	13	0	1	0.928571428571429	0	0.0714285714285714	up	0.928571428571429	Highly Stable	Highly Stable Up	0.0714285714285714
UV	RvY_03228-1	14	13	0	1	0.928571428571429	0	0.0714285714285714	up	0.928571428571429	Highly Stable	Highly Stable Up	0.0714285714285714
UV	RvY_03230-1	14	13	0	1	0.928571428571429	0	0.0714285714285714	up	0.928571428571429	Highly Stable	Highly Stable Up	0.0714285714285714
UV	RvY_03533-1	14	13	0	1	0.928571428571429	0	0.0714285714285714	up	0.928571428571429	Highly Stable	Highly Stable Up	0.0714285714285714
UV	RvY_03542-1	14	13	0	1	0.928571428571429	0	0.0714285714285714	up	0.928571428571429	Highly Stable	Highly Stable Up	0.0714285714285714
UV	RvY_03883-1	14	13	1	0	0.928571428571429	0.0714285714285714	0	up	0.928571428571429	Highly Stable	Highly Stable Up	0.0714285714285714
UV	RvY_03998-1	14	13	0	1	0.928571428571429	0	0.0714285714285714	up	0.928571428571429	Highly Stable	Highly Stable Up	0.0714285714285714
UV	RvY_04113-1	14	13	0	1	0.928571428571429	0	0.0714285714285714	up	0.928571428571429	Highly Stable	Highly Stable Up	0.0714285714285714
UV	RvY_04204-1	14	13	0	1	0.928571428571429	0	0.0714285714285714	up	0.928571428571429	Highly Stable	Highly Stable Up	0.0714285714285714
UV	RvY_04243-1	14	13	0	1	0.928571428571429	0	0.0714285714285714	up	0.928571428571429	Highly Stable	Highly Stable Up	0.0714285714285714
UV	RvY_04381-1	14	13	0	1	0.928571428571429	0	0.0714285714285714	up	0.928571428571429	Highly Stable	Highly Stable Up	0.0714285714285714
UV	RvY_04456-1	14	13	0	1	0.928571428571429	0	0.0714285714285714	up	0.928571428571429	Highly Stable	Highly Stable Up	0.0714285714285714
UV	RvY_04622-1	14	13	0	1	0.928571428571429	0	0.0714285714285714	up	0.928571428571429	Highly Stable	Highly Stable Up	0.0714285714285714
UV	RvY_04686	14	13	0	1	0.928571428571429	0	0.0714285714285714	up	0.928571428571429	Highly Stable	Highly Stable Up	0.0714285714285714
UV	RvY_04888-1	14	13	0	1	0.928571428571429	0	0.0714285714285714	up	0.928571428571429	Highly Stable	Highly Stable Up	0.0714285714285714
UV	RvY_05429	14	13	0	1	0.928571428571429	0	0.0714285714285714	up	0.928571428571429	Highly Stable	Highly Stable Up	0.0714285714285714
UV	RvY_05461-1	14	13	0	1	0.928571428571429	0	0.0714285714285714	up	0.928571428571429	Highly Stable	Highly Stable Up	0.0714285714285714
UV	RvY_05542	14	13	0	1	0.928571428571429	0	0.0714285714285714	up	0.928571428571429	Highly Stable	Highly Stable Up	0.0714285714285714
UV	RvY_05884-1	14	13	0	1	0.928571428571429	0	0.0714285714285714	up	0.928571428571429	Highly Stable	Highly Stable Up	0.0714285714285714
UV	RvY_06034	14	13	0	1	0.928571428571429	0	0.0714285714285714	up	0.928571428571429	Highly Stable	Highly Stable Up	0.0714285714285714
UV	RvY_06176-1	14	13	0	1	0.928571428571429	0	0.0714285714285714	up	0.928571428571429	Highly Stable	Highly Stable Up	0.0714285714285714
UV	RvY_06939-1	14	13	0	1	0.928571428571429	0	0.0714285714285714	up	0.928571428571429	Highly Stable	Highly Stable Up	0.0714285714285714
UV	RvY_07074-1	14	13	0	1	0.928571428571429	0	0.0714285714285714	up	0.928571428571429	Highly Stable	Highly Stable Up	0.0714285714285714
UV	RvY_07110	14	13	0	1	0.928571428571429	0	0.0714285714285714	up	0.928571428571429	Highly Stable	Highly Stable Up	0.0714285714285714
UV	RvY_07119	14	13	0	1	0.928571428571429	0	0.0714285714285714	up	0.928571428571429	Highly Stable	Highly Stable Up	0.0714285714285714
UV	RvY_07261-1	14	13	0	1	0.928571428571429	0	0.0714285714285714	up	0.928571428571429	Highly Stable	Highly Stable Up	0.0714285714285714
UV	RvY_07516-1	14	13	0	1	0.928571428571429	0	0.0714285714285714	up	0.928571428571429	Highly Stable	Highly Stable Up	0.0714285714285714
UV	RvY_07734-1	14	13	0	1	0.928571428571429	0	0.0714285714285714	up	0.928571428571429	Highly Stable	Highly Stable Up	0.0714285714285714
UV	RvY_07997-1	14	13	0	1	0.928571428571429	0	0.0714285714285714	up	0.928571428571429	Highly Stable	Highly Stable Up	0.0714285714285714
UV	RvY_08687-1	14	13	0	1	0.928571428571429	0	0.0714285714285714	up	0.928571428571429	Highly Stable	Highly Stable Up	0.0714285714285714
UV	RvY_08708-1	14	13	0	1	0.928571428571429	0	0.0714285714285714	up	0.928571428571429	Highly Stable	Highly Stable Up	0.0714285714285714
UV	RvY_09879	14	13	0	1	0.928571428571429	0	0.0714285714285714	up	0.928571428571429	Highly Stable	Highly Stable Up	0.0714285714285714
UV	RvY_09946	14	13	0	1	0.928571428571429	0	0.0714285714285714	up	0.928571428571429	Highly Stable	Highly Stable Up	0.0714285714285714
UV	RvY_10000-1	14	13	0	1	0.928571428571429	0	0.0714285714285714	up	0.928571428571429	Highly Stable	Highly Stable Up	0.0714285714285714
UV	RvY_10030-1	14	13	0	1	0.928571428571429	0	0.0714285714285714	up	0.928571428571429	Highly Stable	Highly Stable Up	0.0714285714285714
UV	RvY_10221-1	14	13	0	1	0.928571428571429	0	0.0714285714285714	up	0.928571428571429	Highly Stable	Highly Stable Up	0.0714285714285714
UV	RvY_10445-1	14	13	0	1	0.928571428571429	0	0.0714285714285714	up	0.928571428571429	Highly Stable	Highly Stable Up	0.0714285714285714
UV	RvY_10830-1	14	13	0	1	0.928571428571429	0	0.0714285714285714	up	0.928571428571429	Highly Stable	Highly Stable Up	0.0714285714285714
UV	RvY_10840-1	14	13	0	1	0.928571428571429	0	0.0714285714285714	up	0.928571428571429	Highly Stable	Highly Stable Up	0.0714285714285714
UV	RvY_11133	14	13	0	1	0.928571428571429	0	0.0714285714285714	up	0.928571428571429	Highly Stable	Highly Stable Up	0.0714285714285714
UV	RvY_11164-1	14	13	0	1	0.928571428571429	0	0.0714285714285714	up	0.928571428571429	Highly Stable	Highly Stable Up	0.0714285714285714
UV	RvY_11323	14	13	0	1	0.928571428571429	0	0.0714285714285714	up	0.928571428571429	Highly Stable	Highly Stable Up	0.0714285714285714
UV	RvY_11696-1	14	13	0	1	0.928571428571429	0	0.0714285714285714	up	0.928571428571429	Highly Stable	Highly Stable Up	0.0714285714285714
UV	RvY_12140-1	14	13	0	1	0.928571428571429	0	0.0714285714285714	up	0.928571428571429	Highly Stable	Highly Stable Up	0.0714285714285714
