/media/saji/5E06441D0643F5152/phase_1/transdocer_diamond_pfam/transdocer_predict/desiccation/desiccation_trinity_out.Trinity.fasta.transdecoder_dir/__checkpoints_longorfs/TD.longorfs.ok	TD.longorfs.ok	0	2025-09-02 05:31:33.439655	GO
/media/saji/5E06441D0643F5152/phase_1/transdocer_diamond_pfam/transdocer_predict/gamma/gamma_merged.Trinity.fasta.transdecoder_dir/__checkpoints_longorfs/TD.longorfs.ok	TD.longorfs.ok	0	2025-09-01 00:42:22.31817	GO
/media/saji/5E06441D0643F5152/phase_1/transdocer_diamond_pfam/transdocer_predict/ht/ht_trinity_out.Trinity.fasta.transdecoder_dir/__checkpoints_longorfs/TD.longorfs.ok	TD.longorfs.ok	0	2025-09-03 01:23:14.828856	GO
/media/saji/5E06441D0643F5152/phase_1/transdocer_diamond_pfam/transdocer_predict/lt/lt_trinity_out.Trinity.fasta.transdecoder_dir/__checkpoints_longorfs/TD.longorfs.ok	TD.longorfs.ok	0	2025-09-01 18:27:23.256765	GO
/media/saji/5E06441D0643F5152/phase_1/transdocer_diamond_pfam/transdocer_predict/osmotic/osmotic_trinity_out.Trinity.fasta.transdecoder_dir/__checkpoints_longorfs/TD.longorfs.ok	TD.longorfs.ok	0	2025-09-02 17:09:57.534004	GO
/media/saji/5E06441D0643F5152/phase_1/transdocer_diamond_pfam/transdocer_predict/uv/uv_merged.Trinity.fasta.transdecoder_dir/__checkpoints_longorfs/TD.longorfs.ok	TD.longorfs.ok	0	2025-09-01 07:57:52.371084	GO
/media/saji/5E06441D0643F5152/phase_1/transdocer_diamond_pfam/transdocer_predict/desiccation/desiccation_trinity_out.Trinity.fasta.transdecoder_dir/start_refinement_1756825577_checkpoints/seqlogo.+.ok	seqlogo.+.ok	0	2025-09-02 17:06:38.858172	GO
/media/saji/5E06441D0643F5152/phase_1/transdocer_diamond_pfam/transdocer_predict/gamma/gamma_merged.Trinity.fasta.transdecoder_dir/start_refinement_1756706062_checkpoints/seqlogo.+.ok	seqlogo.+.ok	0	2025-09-01 07:54:41.053919	GO
/media/saji/5E06441D0643F5152/phase_1/transdocer_diamond_pfam/transdocer_predict/ht/ht_trinity_out.Trinity.fasta.transdecoder_dir/start_refinement_1756895686_checkpoints/seqlogo.+.ok	seqlogo.+.ok	0	2025-09-03 12:35:09.674464	GO
/media/saji/5E06441D0643F5152/phase_1/transdocer_diamond_pfam/transdocer_predict/lt/lt_trinity_out.Trinity.fasta.transdecoder_dir/start_refinement_1756783642_checkpoints/seqlogo.+.ok	seqlogo.+.ok	0	2025-09-02 05:27:44.286672	GO
/media/saji/5E06441D0643F5152/phase_1/transdocer_diamond_pfam/transdocer_predict/osmotic/osmotic_trinity_out.Trinity.fasta.transdecoder_dir/start_refinement_1756855137_checkpoints/seqlogo.+.ok	seqlogo.+.ok	0	2025-09-03 01:19:18.56409	GO
/media/saji/5E06441D0643F5152/phase_1/transdocer_diamond_pfam/transdocer_predict/uv/uv_merged.Trinity.fasta.transdecoder_dir/start_refinement_1756742735_checkpoints/seqlogo.+.ok	seqlogo.+.ok	0	2025-09-01 18:05:54.808694	GO
/media/saji/5E06441D0643F5152/phase_1/transdocer_diamond_pfam/transdocer_predict/desiccation/desiccation_trinity_out.Trinity.fasta.transdecoder_dir/start_refinement_1756825577_checkpoints/seqlogo.-.ok	seqlogo.-.ok	0	2025-09-02 17:06:39.15417	GO
/media/saji/5E06441D0643F5152/phase_1/transdocer_diamond_pfam/transdocer_predict/gamma/gamma_merged.Trinity.fasta.transdecoder_dir/start_refinement_1756706062_checkpoints/seqlogo.-.ok	seqlogo.-.ok	0	2025-09-01 07:54:41.342918	GO
/media/saji/5E06441D0643F5152/phase_1/transdocer_diamond_pfam/transdocer_predict/ht/ht_trinity_out.Trinity.fasta.transdecoder_dir/start_refinement_1756895686_checkpoints/seqlogo.-.ok	seqlogo.-.ok	0	2025-09-03 12:35:09.981462	GO
/media/saji/5E06441D0643F5152/phase_1/transdocer_diamond_pfam/transdocer_predict/lt/lt_trinity_out.Trinity.fasta.transdecoder_dir/start_refinement_1756783642_checkpoints/seqlogo.-.ok	seqlogo.-.ok	0	2025-09-02 05:27:44.607671	GO
/media/saji/5E06441D0643F5152/phase_1/transdocer_diamond_pfam/transdocer_predict/osmotic/osmotic_trinity_out.Trinity.fasta.transdecoder_dir/start_refinement_1756855137_checkpoints/seqlogo.-.ok	seqlogo.-.ok	0	2025-09-03 01:19:18.892088	GO
/media/saji/5E06441D0643F5152/phase_1/transdocer_diamond_pfam/transdocer_predict/uv/uv_merged.Trinity.fasta.transdecoder_dir/start_refinement_1756742735_checkpoints/seqlogo.-.ok	seqlogo.-.ok	0	2025-09-01 18:05:55.106694	GO
/media/saji/5E06441D0643F5152/phase_1/transdocer_diamond_pfam/transdocer_predict/desiccation/desiccation_trinity_out.Trinity.fasta.transdecoder_dir/start_refinement_1756825577_checkpoints/seqlogo.enhanced.+.ok	seqlogo.enhanced.+.ok	0	2025-09-02 17:06:53.768076	GO
/media/saji/5E06441D0643F5152/phase_1/transdocer_diamond_pfam/transdocer_predict/gamma/gamma_merged.Trinity.fasta.transdecoder_dir/start_refinement_1756706062_checkpoints/seqlogo.enhanced.+.ok	seqlogo.enhanced.+.ok	0	2025-09-01 07:54:54.914862	GO
/media/saji/5E06441D0643F5152/phase_1/transdocer_diamond_pfam/transdocer_predict/ht/ht_trinity_out.Trinity.fasta.transdecoder_dir/start_refinement_1756895686_checkpoints/seqlogo.enhanced.+.ok	seqlogo.enhanced.+.ok	0	2025-09-03 12:35:25.050326	GO
/media/saji/5E06441D0643F5152/phase_1/transdocer_diamond_pfam/transdocer_predict/lt/lt_trinity_out.Trinity.fasta.transdecoder_dir/start_refinement_1756783642_checkpoints/seqlogo.enhanced.+.ok	seqlogo.enhanced.+.ok	0	2025-09-02 05:27:59.484603	GO
/media/saji/5E06441D0643F5152/phase_1/transdocer_diamond_pfam/transdocer_predict/osmotic/osmotic_trinity_out.Trinity.fasta.transdecoder_dir/start_refinement_1756855137_checkpoints/seqlogo.enhanced.+.ok	seqlogo.enhanced.+.ok	0	2025-09-03 01:19:33.938004	GO
/media/saji/5E06441D0643F5152/phase_1/transdocer_diamond_pfam/transdocer_predict/uv/uv_merged.Trinity.fasta.transdecoder_dir/start_refinement_1756742735_checkpoints/seqlogo.enhanced.+.ok	seqlogo.enhanced.+.ok	0	2025-09-01 18:06:08.602665	GO
/media/saji/5E06441D0643F5152/phase_1/transdocer_diamond_pfam/transdocer_predict/desiccation/desiccation_trinity_out.Trinity.fasta.transdecoder_dir/start_refinement.+.pwm.seqLogo.pdf	start_refinement.+.pwm.seqLogo.pdf	0.151	2025-09-02 17:06:38.846172	GO
/media/saji/5E06441D0643F5152/phase_1/transdocer_diamond_pfam/transdocer_predict/gamma/gamma_merged.Trinity.fasta.transdecoder_dir/start_refinement.+.pwm.seqLogo.pdf	start_refinement.+.pwm.seqLogo.pdf	0.162	2025-09-01 07:54:41.043919	GO
/media/saji/5E06441D0643F5152/phase_1/transdocer_diamond_pfam/transdocer_predict/ht/ht_trinity_out.Trinity.fasta.transdecoder_dir/start_refinement.+.pwm.seqLogo.pdf	start_refinement.+.pwm.seqLogo.pdf	0.152	2025-09-03 12:35:09.663465	GO
/media/saji/5E06441D0643F5152/phase_1/transdocer_diamond_pfam/transdocer_predict/lt/lt_trinity_out.Trinity.fasta.transdecoder_dir/start_refinement.+.pwm.seqLogo.pdf	start_refinement.+.pwm.seqLogo.pdf	0.154	2025-09-02 05:27:44.277672	GO
/media/saji/5E06441D0643F5152/phase_1/transdocer_diamond_pfam/transdocer_predict/osmotic/osmotic_trinity_out.Trinity.fasta.transdecoder_dir/start_refinement.+.pwm.seqLogo.pdf	start_refinement.+.pwm.seqLogo.pdf	0.155	2025-09-03 01:19:18.553091	GO
/media/saji/5E06441D0643F5152/phase_1/transdocer_diamond_pfam/transdocer_predict/uv/uv_merged.Trinity.fasta.transdecoder_dir/start_refinement.+.pwm.seqLogo.pdf	start_refinement.+.pwm.seqLogo.pdf	0.164	2025-09-01 18:05:54.795694	GO
/media/saji/5E06441D0643F5152/phase_1/transdocer_diamond_pfam/transdocer_predict/desiccation/desiccation_trinity_out.Trinity.fasta.transdecoder_dir/start_refinement.-.pwm.seqLogo.pdf	start_refinement.-.pwm.seqLogo.pdf	0.134	2025-09-02 17:06:39.14217	GO
/media/saji/5E06441D0643F5152/phase_1/transdocer_diamond_pfam/transdocer_predict/gamma/gamma_merged.Trinity.fasta.transdecoder_dir/start_refinement.-.pwm.seqLogo.pdf	start_refinement.-.pwm.seqLogo.pdf	0.139	2025-09-01 07:54:41.333918	GO
/media/saji/5E06441D0643F5152/phase_1/transdocer_diamond_pfam/transdocer_predict/ht/ht_trinity_out.Trinity.fasta.transdecoder_dir/start_refinement.-.pwm.seqLogo.pdf	start_refinement.-.pwm.seqLogo.pdf	0.133	2025-09-03 12:35:09.972462	GO
/media/saji/5E06441D0643F5152/phase_1/transdocer_diamond_pfam/transdocer_predict/lt/lt_trinity_out.Trinity.fasta.transdecoder_dir/start_refinement.-.pwm.seqLogo.pdf	start_refinement.-.pwm.seqLogo.pdf	0.133	2025-09-02 05:27:44.598671	GO
/media/saji/5E06441D0643F5152/phase_1/transdocer_diamond_pfam/transdocer_predict/osmotic/osmotic_trinity_out.Trinity.fasta.transdecoder_dir/start_refinement.-.pwm.seqLogo.pdf	start_refinement.-.pwm.seqLogo.pdf	0.134	2025-09-03 01:19:18.881088	GO
/media/saji/5E06441D0643F5152/phase_1/transdocer_diamond_pfam/transdocer_predict/uv/uv_merged.Trinity.fasta.transdecoder_dir/start_refinement.-.pwm.seqLogo.pdf	start_refinement.-.pwm.seqLogo.pdf	0.141	2025-09-01 18:05:55.096694	GO
/media/saji/5E06441D0643F5152/phase_1/transdocer_diamond_pfam/transdocer_predict/desiccation/desiccation_trinity_out.Trinity.fasta.transdecoder_dir/start_refinement.enhanced.+.pwm.seqLogo.pdf	start_refinement.enhanced.+.pwm.seqLogo.pdf	0.19	2025-09-02 17:06:53.757077	GO
/media/saji/5E06441D0643F5152/phase_1/transdocer_diamond_pfam/transdocer_predict/gamma/gamma_merged.Trinity.fasta.transdecoder_dir/start_refinement.enhanced.+.pwm.seqLogo.pdf	start_refinement.enhanced.+.pwm.seqLogo.pdf	0.2	2025-09-01 07:54:54.905862	GO
/media/saji/5E06441D0643F5152/phase_1/transdocer_diamond_pfam/transdocer_predict/ht/ht_trinity_out.Trinity.fasta.transdecoder_dir/start_refinement.enhanced.+.pwm.seqLogo.pdf	start_refinement.enhanced.+.pwm.seqLogo.pdf	0.195	2025-09-03 12:35:25.040326	GO
/media/saji/5E06441D0643F5152/phase_1/transdocer_diamond_pfam/transdocer_predict/lt/lt_trinity_out.Trinity.fasta.transdecoder_dir/start_refinement.enhanced.+.pwm.seqLogo.pdf	start_refinement.enhanced.+.pwm.seqLogo.pdf	0.194	2025-09-02 05:27:59.475603	GO
/media/saji/5E06441D0643F5152/phase_1/transdocer_diamond_pfam/transdocer_predict/osmotic/osmotic_trinity_out.Trinity.fasta.transdecoder_dir/start_refinement.enhanced.+.pwm.seqLogo.pdf	start_refinement.enhanced.+.pwm.seqLogo.pdf	0.192	2025-09-03 01:19:33.929004	GO
/media/saji/5E06441D0643F5152/phase_1/transdocer_diamond_pfam/transdocer_predict/uv/uv_merged.Trinity.fasta.transdecoder_dir/start_refinement.enhanced.+.pwm.seqLogo.pdf	start_refinement.enhanced.+.pwm.seqLogo.pdf	0.203	2025-09-01 18:06:08.590666	GO
/media/saji/5E06441D0643F5152/phase_4/final_phase4_14_09/old /result/ivb_pipeline_outputs_all_peptides/interpro_results/interpro_desiccation.log	interpro_desiccation.log	0.024	2025-09-18 22:36:41.707895	InterProScan
/media/saji/5E06441D0643F5152/phase_4/final_phase4_14_09/old /result/ivb_pipeline_outputs/interpro_results/interpro_desiccation.log	interpro_desiccation.log	0.002	2025-09-18 02:46:19.96707	InterProScan
/media/saji/5E06441D0643F5152/phase_4/final_phase4_14_09/old /result/ivb_pipeline_outputs/interpro_results/interpro_desiccation.tsv	interpro_desiccation.tsv	0.007	2025-09-18 02:46:19.940071	InterProScan
/media/saji/5E06441D0643F5152/phase_4/final_phase4_14_09/old /result/ivb_pipeline_outputs_all_peptides/interpro_results/interpro_gamma.log	interpro_gamma.log	0.024	2025-09-18 22:36:13.054388	InterProScan
/media/saji/5E06441D0643F5152/phase_4/final_phase4_14_09/old /result/ivb_pipeline_outputs/interpro_results/interpro_gamma.log	interpro_gamma.log	0.002	2025-09-18 04:27:30.600821	InterProScan
/media/saji/5E06441D0643F5152/phase_4/final_phase4_14_09/old /result/ivb_pipeline_outputs/interpro_results/interpro_gamma.tsv	interpro_gamma.tsv	0.004	2025-09-18 04:27:30.567821	InterProScan
/media/saji/5E06441D0643F5152/phase_4/final_phase4_14_09/old /result/ivb_pipeline_outputs_all_peptides/interpro_results/interpro_ht.log	interpro_ht.log	0.024	2025-09-18 22:34:29.8504	InterProScan
/media/saji/5E06441D0643F5152/phase_4/final_phase4_14_09/old /result/ivb_pipeline_outputs/interpro_results/interpro_ht.log	interpro_ht.log	0.002	2025-09-18 06:04:59.328973	InterProScan
/media/saji/5E06441D0643F5152/phase_4/final_phase4_14_09/old /result/ivb_pipeline_outputs/interpro_results/interpro_ht.tsv	interpro_ht.tsv	0.002	2025-09-18 06:04:59.297973	InterProScan
/media/saji/5E06441D0643F5152/phase_4/final_phase4_14_09/old /result/ivb_pipeline_outputs_all_peptides/interpro_results/interpro_lt.log	interpro_lt.log	0.024	2025-09-19 02:41:34.098721	InterProScan
/media/saji/5E06441D0643F5152/phase_4/final_phase4_14_09/old /result/ivb_pipeline_outputs/interpro_results/interpro_lt.log	interpro_lt.log	0.002	2025-09-18 07:46:28.142551	InterProScan
/media/saji/5E06441D0643F5152/phase_4/final_phase4_14_09/old /result/ivb_pipeline_outputs/interpro_results/interpro_lt.tsv	interpro_lt.tsv	0.011	2025-09-18 07:46:28.049552	InterProScan
/media/saji/5E06441D0643F5152/phase_4/final_phase4_14_09/old /result/ivb_pipeline_outputs_all_peptides/interpro_results/interpro_master.log	interpro_master.log	0.024	2025-09-19 02:44:06.188382	InterProScan
/media/saji/5E06441D0643F5152/phase_4/final_phase4_14_09/old /result/ivb_pipeline_outputs/interpro_results/interpro_master.log	interpro_master.log	0.002	2025-09-18 09:29:54.868488	InterProScan
/media/saji/5E06441D0643F5152/phase_4/final_phase4_14_09/old /result/ivb_pipeline_outputs_all_peptides/interpro_results/interpro_master.tsv	interpro_master.tsv	25.41	2025-09-20 01:31:11.689614	InterProScan
/media/saji/5E06441D0643F5152/phase_4/final_phase4_14_09/old /result/ivb_pipeline_outputs/interpro_results/interpro_master.tsv	interpro_master.tsv	0.024	2025-09-18 09:29:54.786489	InterProScan
/media/saji/5E06441D0643F5152/phase_4/final_phase4_14_09/old /interpro_missing_ids.txt	interpro_missing_ids.txt	0.001	2025-09-20 17:01:08.567551	InterProScan
/media/saji/5E06441D0643F5152/phase_4/final_phase4_14_09/old /result/ivb_pipeline_outputs_all_peptides/interpro_results/interpro_osmotic.log	interpro_osmotic.log	0.024	2025-09-19 02:36:27.807086	InterProScan
/media/saji/5E06441D0643F5152/phase_4/final_phase4_14_09/old /result/ivb_pipeline_outputs/interpro_results/interpro_osmotic.log	interpro_osmotic.log	0.002	2025-09-18 11:05:18.041323	InterProScan
/media/saji/5E06441D0643F5152/phase_4/final_phase4_14_09/old /result/ivb_pipeline_outputs/interpro_results/interpro_osmotic.tsv	interpro_osmotic.tsv	0.001	2025-09-18 11:05:18.003323	InterProScan
/media/saji/5E06441D0643F5152/phase_4/final_phase4_14_09/old /interpro_overlap_ids.txt	interpro_overlap_ids.txt	0.003	2025-09-20 17:01:08.549551	InterProScan
/media/saji/5E06441D0643F5152/phase_4/final_phase4_14_09/old /result/ivb_pipeline_outputs_all_peptides/interpro_results/interpro_peptides_master.tsv	interpro_peptides_master.tsv	17.911	2025-09-20 01:56:28.77162	InterProScan
/media/saji/5E06441D0643F5152/phase_4/final_phase4_14_09/old /result/ivb_pipeline_outputs_all_peptides/interpro_results/interpro_uv.log	interpro_uv.log	0.024	2025-09-19 05:07:02.650078	InterProScan
/media/saji/5E06441D0643F5152/phase_4/final_phase4_14_09/old /result/ivb_pipeline_outputs/interpro_results/interpro_uv.log	interpro_uv.log	0.002	2025-09-18 12:44:51.829845	InterProScan
/media/saji/5E06441D0643F5152/phase_4/final_phase4_14_09/old /result/ivb_pipeline_outputs/interpro_results/interpro_uv.tsv	interpro_uv.tsv	0.003	2025-09-18 12:44:51.724846	InterProScan
/media/saji/5E06441D0643F5152/phase_4/final_phase4_14_09/result/annotation_unified_SHORTLISTED/backup/interproscan_prefix.gff3	interproscan_prefix.gff3	45.531	2025-10-20 18:47:48.311415	InterProScan
/media/saji/5E06441D0643F5152/phase_4/final_phase4_14_09/result/annotation_unified_SHORTLISTED/interproscan_prefix.gff3	interproscan_prefix.gff3	45.531	2025-10-20 18:47:48.311415	InterProScan
/media/saji/5E06441D0643F5152/phase_4/final_phase4_14_09/result/annotation_unified_SHORTLISTED/backup/interproscan_prefix.tsv	interproscan_prefix.tsv	40.369	2025-10-20 18:23:15.892521	InterProScan
/media/saji/5E06441D0643F5152/phase_4/final_phase4_14_09/result/annotation_unified_SHORTLISTED/interproscan_prefix.tsv	interproscan_prefix.tsv	40.369	2025-10-20 18:23:15.892521	InterProScan
/media/saji/5E06441D0643F5152/phase_4/final_phase4_14_09/result/annotation_unified_SHORTLISTED/backup/interproscan_run.log	interproscan_run.log	0	2025-10-20 17:58:18.987379	InterProScan
/media/saji/5E06441D0643F5152/phase_4/final_phase4_14_09/result/annotation_unified_SHORTLISTED/interproscan_run.log	interproscan_run.log	0	2025-10-20 17:58:18.987379	InterProScan
/media/saji/5E06441D0643F5152/phase_4/final_phase4_14_09/result/old_mthod/phase4b/phase4b_map_and_reg/interpro/phase4b_full_interpro.tsv	phase4b_full_interpro.tsv	0.273	2025-10-13 23:44:15.440023	InterProScan
/media/saji/5E06441D0643F5152/phase_4/final_phase4_14_09/result/phase4b/old_phase4b/phase4b_map_and_reg/interpro/phase4b_full_interpro.tsv	phase4b_full_interpro.tsv	0.273	2025-10-13 23:44:15.440023	InterProScan
/media/saji/5E06441D0643F5152/phase_4/final_phase4_14_09/result/old_mthod/phase4b/phase4b_map_and_reg/interpro/phase4b_full_interpro1 (Copy).tsv	phase4b_full_interpro1 (Copy).tsv	0.273	2025-10-13 23:34:58.913856	InterProScan
/media/saji/5E06441D0643F5152/phase_4/final_phase4_14_09/result/phase4b/old_phase4b/phase4b_map_and_reg/interpro/phase4b_full_interpro1 (Copy).tsv	phase4b_full_interpro1 (Copy).tsv	0.273	2025-10-13 23:34:58.913856	InterProScan
/media/saji/5E06441D0643F5152/phase_4/final_phase4_14_09/result/old_mthod/phase4c/Pfam/resources/Pfam-A.hmm	Pfam-A.hmm	1791.81	2025-03-24 01:42:30	Pfam
/media/saji/5E06441D0643F5152/phase_4/final_phase4_14_09/result/old_mthod/phase4c/Pfam/resources/Pfam-A.hmm.h3f	Pfam-A.hmm.h3f	420.366	2025-10-10 05:02:22.609419	Pfam
/media/saji/5E06441D0643F5152/phase_4/final_phase4_14_09/result/old_mthod/phase4c/Pfam/resources/Pfam-A.hmm.h3i	Pfam-A.hmm.h3i	2.241	2025-10-10 05:02:22.609419	Pfam
/media/saji/5E06441D0643F5152/phase_4/final_phase4_14_09/result/old_mthod/phase4c/Pfam/resources/Pfam-A.hmm.h3m	Pfam-A.hmm.h3m	741.595	2025-10-10 05:02:22.609419	Pfam
/media/saji/5E06441D0643F5152/phase_4/final_phase4_14_09/result/old_mthod/phase4c/Pfam/resources/Pfam-A.hmm.h3p	Pfam-A.hmm.h3p	872.838	2025-10-10 05:02:22.609419	Pfam
/media/saji/5E06441D0643F5152/phase_1/transdocer_diamond_pfam/pfam/desiccation.pfam.domtblout	desiccation.pfam.domtblout	183.893	2025-09-02 16:59:08.127991	Pfam
/media/saji/5E06441D0643F5152/phase_1/transdocer_diamond_pfam/pfam/desiccation.pfam.domtblout.csv	desiccation.pfam.domtblout.csv	183.893	2025-12-01 10:23:26.727106	Pfam
/media/saji/5E06441D0643F5152/phase_1/transdocer_diamond_pfam/pfam/gamma.pfam.domtblout	gamma.pfam.domtblout	141.169	2025-09-01 07:49:06.6341	Pfam
/media/saji/5E06441D0643F5152/phase_1/transdocer_diamond_pfam/pfam/ht.pfam.domtblout	ht.pfam.domtblout	204.765	2025-09-03 12:26:26.445033	Pfam
/media/saji/5E06441D0643F5152/phase_1/transdocer_diamond_pfam/pfam/lt.pfam.domtblout	lt.pfam.domtblout	203.458	2025-09-02 05:19:29.556199	Pfam
/media/saji/5E06441D0643F5152/phase_4/final_phase4_14_09/old /result/ivb_pipeline_outputs/backup/neuropeptides_desiccation_pfam.tbl	neuropeptides_desiccation_pfam.tbl	0.001	2025-09-17 00:50:40.121358	Pfam
/media/saji/5E06441D0643F5152/phase_4/final_phase4_14_09/old /result/ivb_pipeline_outputs/neuropeptides_desiccation_pfam.tbl	neuropeptides_desiccation_pfam.tbl	0.001	2025-09-17 11:03:44.056116	Pfam
/media/saji/5E06441D0643F5152/phase_4/final_phase4_14_09/old /result/ivb_pipeline_outputs/backup/neuropeptides_gamma_pfam.tbl	neuropeptides_gamma_pfam.tbl	0.001	2025-09-17 00:50:40.454355	Pfam
/media/saji/5E06441D0643F5152/phase_4/final_phase4_14_09/old /result/ivb_pipeline_outputs/neuropeptides_gamma_pfam.tbl	neuropeptides_gamma_pfam.tbl	0.001	2025-09-17 11:03:44.282116	Pfam
/media/saji/5E06441D0643F5152/phase_4/final_phase4_14_09/old /result/ivb_pipeline_outputs/backup/neuropeptides_ht_pfam.tbl	neuropeptides_ht_pfam.tbl	0.001	2025-09-17 00:50:40.685354	Pfam
/media/saji/5E06441D0643F5152/phase_4/final_phase4_14_09/old /result/ivb_pipeline_outputs/neuropeptides_ht_pfam.tbl	neuropeptides_ht_pfam.tbl	0.001	2025-09-17 11:03:44.415116	Pfam
/media/saji/5E06441D0643F5152/phase_4/final_phase4_14_09/old /result/ivb_pipeline_outputs/backup/neuropeptides_lt_pfam.tbl	neuropeptides_lt_pfam.tbl	0.001	2025-09-17 00:50:41.003351	Pfam
/media/saji/5E06441D0643F5152/phase_4/final_phase4_14_09/old /result/ivb_pipeline_outputs/neuropeptides_lt_pfam.tbl	neuropeptides_lt_pfam.tbl	0.001	2025-09-17 11:03:44.644116	Pfam
/media/saji/5E06441D0643F5152/phase_4/final_phase4_14_09/old /result/ivb_pipeline_outputs/backup/neuropeptides_master_pfam.tbl	neuropeptides_master_pfam.tbl	0.035	2025-09-17 00:50:39.75036	Pfam
/media/saji/5E06441D0643F5152/phase_4/final_phase4_14_09/old /result/ivb_pipeline_outputs/neuropeptides_master_pfam.tbl	neuropeptides_master_pfam.tbl	0.035	2025-09-17 11:03:43.783116	Pfam
/media/saji/5E06441D0643F5152/phase_4/final_phase4_14_09/old /result/ivb_pipeline_outputs/backup/neuropeptides_osmotic_pfam.tbl	neuropeptides_osmotic_pfam.tbl	0.001	2025-09-17 00:50:41.20235	Pfam
/media/saji/5E06441D0643F5152/phase_4/final_phase4_14_09/old /result/ivb_pipeline_outputs/neuropeptides_osmotic_pfam.tbl	neuropeptides_osmotic_pfam.tbl	0.001	2025-09-17 11:03:44.768116	Pfam
/media/saji/5E06441D0643F5152/phase_4/final_phase4_14_09/old /result/ivb_pipeline_outputs/backup/neuropeptides_uv_pfam.tbl	neuropeptides_uv_pfam.tbl	0.002	2025-09-17 00:50:41.628346	Pfam
/media/saji/5E06441D0643F5152/phase_4/final_phase4_14_09/old /result/ivb_pipeline_outputs/neuropeptides_uv_pfam.tbl	neuropeptides_uv_pfam.tbl	0.002	2025-09-17 11:03:45.111116	Pfam
/media/saji/5E06441D0643F5152/phase_1/transdocer_diamond_pfam/pfam/osmotic.pfam.domtblout	osmotic.pfam.domtblout	156.261	2025-09-03 01:12:46.809772	Pfam
/media/saji/5E06441D0643F5152/phase_4/final_phase4_14_09/result/old_mthod/receptors/pfam.domtbl	pfam.domtbl	0.002	2025-10-10 05:16:56.396128	Pfam
/media/saji/5E06441D0643F5152/phase_1/transdocer_diamond_pfam/transdocer_predict/desiccation/desiccation_trinity_out.Trinity.fasta.transdecoder_dir/pfam.domtblout	pfam.domtblout	183.893	2025-09-02 16:59:08.209991	Pfam
/media/saji/5E06441D0643F5152/phase_1/transdocer_diamond_pfam/transdocer_predict/gamma/gamma_merged.Trinity.fasta.transdecoder_dir/pfam.domtblout	pfam.domtblout	141.169	2025-09-01 07:49:06.7061	Pfam
/media/saji/5E06441D0643F5152/phase_1/transdocer_diamond_pfam/transdocer_predict/ht/ht_trinity_out.Trinity.fasta.transdecoder_dir/pfam.domtblout	pfam.domtblout	204.765	2025-09-03 12:26:26.531032	Pfam
/media/saji/5E06441D0643F5152/phase_1/transdocer_diamond_pfam/transdocer_predict/lt/lt_trinity_out.Trinity.fasta.transdecoder_dir/pfam.domtblout	pfam.domtblout	203.458	2025-09-02 05:19:29.664198	Pfam
/media/saji/5E06441D0643F5152/phase_1/transdocer_diamond_pfam/transdocer_predict/osmotic/osmotic_trinity_out.Trinity.fasta.transdecoder_dir/pfam.domtblout	pfam.domtblout	156.261	2025-09-03 01:12:46.884772	Pfam
/media/saji/5E06441D0643F5152/phase_1/transdocer_diamond_pfam/transdocer_predict/uv/uv_merged.Trinity.fasta.transdecoder_dir/pfam.domtblout	pfam.domtblout	207.82	2025-09-01 17:58:17.291303	Pfam
/media/saji/5E06441D0643F5152/phase_4/final_phase4_14_09/result/master_annotation/logs/pfam.log	pfam.log	107.52	2025-10-31 12:12:18.137733	Pfam
/media/saji/5E06441D0643F5152/phase_4/final_phase4_14_09/old /result/ivb_pipeline_outputs_all_peptides/pfam_results/pfam_desiccation.log	pfam_desiccation.log	1.132	2025-09-18 18:30:19.176863	Pfam
/media/saji/5E06441D0643F5152/phase_4/final_phase4_14_09/old /result/ivb_pipeline_outputs/pfam_results/pfam_desiccation.log	pfam_desiccation.log	0.053	2025-09-18 01:04:47.535407	Pfam
/media/saji/5E06441D0643F5152/phase_4/final_phase4_14_09/old /result/ivb_pipeline_outputs_all_peptides/pfam_results/pfam_desiccation.tsv	pfam_desiccation.tsv	0.282	2025-09-18 18:30:19.176863	Pfam
/media/saji/5E06441D0643F5152/phase_4/final_phase4_14_09/old /result/ivb_pipeline_outputs/pfam_results/pfam_desiccation.tsv	pfam_desiccation.tsv	0.008	2025-09-18 01:04:47.531407	Pfam
/media/saji/5E06441D0643F5152/phase_4/final_phase4_14_09/old /result/ivb_pipeline_outputs_all_peptides/pfam_results/pfam_gamma.log	pfam_gamma.log	0.709	2025-09-18 18:30:07.930008	Pfam
/media/saji/5E06441D0643F5152/phase_4/final_phase4_14_09/old /result/ivb_pipeline_outputs/pfam_results/pfam_gamma.log	pfam_gamma.log	0.048	2025-09-18 02:46:22.532997	Pfam
/media/saji/5E06441D0643F5152/phase_4/final_phase4_14_09/old /result/ivb_pipeline_outputs_all_peptides/pfam_results/pfam_gamma.tsv	pfam_gamma.tsv	0.179	2025-09-18 18:30:07.930008	Pfam
/media/saji/5E06441D0643F5152/phase_4/final_phase4_14_09/old /result/ivb_pipeline_outputs/pfam_results/pfam_gamma.tsv	pfam_gamma.tsv	0.014	2025-09-18 02:46:22.532997	Pfam
/media/saji/5E06441D0643F5152/phase_4/final_phase4_14_09/old /result/ivb_pipeline_outputs_all_peptides/pfam_results/pfam_ht.log	pfam_ht.log	0.091	2025-09-18 18:29:52.071267	Pfam
/media/saji/5E06441D0643F5152/phase_4/final_phase4_14_09/old /result/ivb_pipeline_outputs/pfam_results/pfam_ht.log	pfam_ht.log	0.016	2025-09-18 04:27:32.151824	Pfam
/media/saji/5E06441D0643F5152/phase_4/final_phase4_14_09/old /result/ivb_pipeline_outputs_all_peptides/pfam_results/pfam_ht.tsv	pfam_ht.tsv	0.02	2025-09-18 18:29:52.071267	Pfam
/media/saji/5E06441D0643F5152/phase_4/final_phase4_14_09/old /result/ivb_pipeline_outputs/pfam_results/pfam_ht.tsv	pfam_ht.tsv	0.004	2025-09-18 04:27:32.151824	Pfam
/media/saji/5E06441D0643F5152/phase_4/final_phase4_14_09/old /result/ivb_pipeline_outputs_all_peptides/pfam_results/pfam_lt.log	pfam_lt.log	1.07	2025-09-18 22:35:10.273371	Pfam
/media/saji/5E06441D0643F5152/phase_4/final_phase4_14_09/old /result/ivb_pipeline_outputs/pfam_results/pfam_lt.log	pfam_lt.log	0.067	2025-09-18 06:05:03.970933	Pfam
/media/saji/5E06441D0643F5152/phase_4/final_phase4_14_09/old /result/ivb_pipeline_outputs_all_peptides/pfam_results/pfam_lt.tsv	pfam_lt.tsv	0.251	2025-09-18 22:35:10.273371	Pfam
/media/saji/5E06441D0643F5152/phase_4/final_phase4_14_09/old /result/ivb_pipeline_outputs/pfam_results/pfam_lt.tsv	pfam_lt.tsv	0.011	2025-09-18 06:05:03.970933	Pfam
/media/saji/5E06441D0643F5152/phase_4/final_phase4_14_09/old /result/ivb_pipeline_outputs_all_peptides/pfam_results/pfam_master.log	pfam_master.log	3.808	2025-09-18 22:38:32.604755	Pfam
/media/saji/5E06441D0643F5152/phase_4/final_phase4_14_09/old /result/ivb_pipeline_outputs/pfam_results/pfam_master.log	pfam_master.log	0.204	2025-09-18 07:46:40.535502	Pfam
/media/saji/5E06441D0643F5152/phase_4/final_phase4_14_09/old /result/ivb_pipeline_outputs_all_peptides/pfam_results/pfam_master.tsv	pfam_master.tsv	0.618	2025-09-21 22:23:13.418981	Pfam
/media/saji/5E06441D0643F5152/phase_4/final_phase4_14_09/old /result/ivb_pipeline_outputs/pfam_results/pfam_master.tsv	pfam_master.tsv	0.036	2025-09-18 07:46:40.535502	Pfam
/media/saji/5E06441D0643F5152/phase_4/final_phase4_14_09/old /result/ivb_pipeline_outputs_all_peptides/pfam_results/pfam_osmotic.log	pfam_osmotic.log	0.08	2025-09-18 22:36:45.564105	Pfam
/media/saji/5E06441D0643F5152/phase_4/final_phase4_14_09/old /result/ivb_pipeline_outputs/pfam_results/pfam_osmotic.log	pfam_osmotic.log	0.012	2025-09-18 09:29:56.147479	Pfam
/media/saji/5E06441D0643F5152/phase_4/final_phase4_14_09/old /result/ivb_pipeline_outputs_all_peptides/pfam_results/pfam_osmotic.tsv	pfam_osmotic.tsv	0.019	2025-09-18 22:36:45.563105	Pfam
/media/saji/5E06441D0643F5152/phase_4/final_phase4_14_09/old /result/ivb_pipeline_outputs/pfam_results/pfam_osmotic.tsv	pfam_osmotic.tsv	0.003	2025-09-18 09:29:56.147479	Pfam
/media/saji/5E06441D0643F5152/phase_4/final_phase4_14_09/result/annotation_unified_SHORTLISTED/backup/pfam_shortlisted.domtblout	pfam_shortlisted.domtblout	1.19	2025-10-19 19:16:49.100767	Pfam
/media/saji/5E06441D0643F5152/phase_4/final_phase4_14_09/result/annotation_unified_SHORTLISTED/pfam_shortlisted.domtblout	pfam_shortlisted.domtblout	1.19	2025-10-19 19:16:49.100767	Pfam
/media/saji/5E06441D0643F5152/phase_4/final_phase4_14_09/old /result/ivb_pipeline_outputs_all_peptides/pfam_results/pfam_uv.log	pfam_uv.log	0.73	2025-09-19 02:36:58.701034	Pfam
/media/saji/5E06441D0643F5152/phase_4/final_phase4_14_09/old /result/ivb_pipeline_outputs/pfam_results/pfam_uv.log	pfam_uv.log	0.043	2025-09-18 11:05:20.98931	Pfam
/media/saji/5E06441D0643F5152/phase_4/final_phase4_14_09/old /result/ivb_pipeline_outputs_all_peptides/pfam_results/pfam_uv.tsv	pfam_uv.tsv	0.168	2025-09-19 02:36:58.701034	Pfam
/media/saji/5E06441D0643F5152/phase_4/final_phase4_14_09/old /result/ivb_pipeline_outputs/pfam_results/pfam_uv.tsv	pfam_uv.tsv	0.008	2025-09-18 11:05:20.98931	Pfam
/media/saji/5E06441D0643F5152/phase_4/final_phase4_14_09/result/old_mthod/phase4b/phase4b_map_and_reg/pfam/phase4b_pfam.tbl	phase4b_pfam.tbl	0.209	2025-10-13 12:50:02.928738	Pfam
/media/saji/5E06441D0643F5152/phase_4/final_phase4_14_09/result/phase4b/old_phase4b/phase4b_map_and_reg/pfam/phase4b_pfam.tbl	phase4b_pfam.tbl	0.209	2025-10-13 12:50:02.928738	Pfam
/media/saji/5E06441D0643F5152/phase_4/final_phase4_14_09/result/master_annotation/results/rvar_pfam.domtblout	rvar_pfam.domtblout	25.734	2025-10-31 12:12:18.133733	Pfam
/media/saji/5E06441D0643F5152/phase_1/transdocer_diamond_pfam/pfam/uv.pfam.domtblout	uv.pfam.domtblout	207.82	2025-09-01 17:58:17.191303	Pfam
/media/saji/5E06441D0643F5152/phase_4/final_phase4_14_09/old /result/ivb_pipeline_outputs/combined_neuropeptide_annotations_master_with_full_eggnog.tsv	combined_neuropeptide_annotations_master_with_full_eggnog.tsv	0.008	2025-09-19 09:34:10.314533	eggNOG/emapper
/media/saji/5E06441D0643F5152/phase_4/final_phase4_14_09/result/master_annotation/logs/eggnog.log	eggnog.log	0	2025-10-31 12:12:18.235733	eggNOG/emapper
/media/saji/5E06441D0643F5152/phase_4/final_phase4_14_09/old /result/ivb_pipeline_outputs/eggnog_results/parsed/eggnog_GO_terms.tsv	eggnog_GO_terms.tsv	0.009	2025-09-18 21:40:57.919368	eggNOG/emapper
/media/saji/5E06441D0643F5152/phase_4/final_phase4_14_09/old /result/ivb_pipeline_outputs/eggnog_results/parsed/eggnog_KEGG.tsv	eggnog_KEGG.tsv	0	2025-09-18 21:40:57.932368	eggNOG/emapper
/media/saji/5E06441D0643F5152/phase_4/final_phase4_14_09/old /result/ivb_pipeline_outputs/eggnog_results/parsed/eggnog_Pfam.tsv	eggnog_Pfam.tsv	0	2025-09-18 21:40:57.944368	eggNOG/emapper
/media/saji/5E06441D0643F5152/phase_4/final_phase4_14_09/old /result/ivb_pipeline_outputs_all_peptides/eggnog_results/eggnog_desiccation.emapper.annotations	eggnog_desiccation.emapper.annotations	0.162	2025-09-18 22:36:29.654312	eggNOG/emapper
/media/saji/5E06441D0643F5152/phase_4/final_phase4_14_09/old /result/ivb_pipeline_outputs/eggnog_results/eggnog_desiccation.emapper.annotations	eggnog_desiccation.emapper.annotations	0.012	2025-09-18 02:45:11.997584	eggNOG/emapper
/media/saji/5E06441D0643F5152/phase_4/final_phase4_14_09/old /result/ivb_pipeline_outputs_all_peptides/eggnog_results/eggnog_desiccation.emapper.hits	eggnog_desiccation.emapper.hits	0.016	2025-09-18 22:36:20.65243	eggNOG/emapper
/media/saji/5E06441D0643F5152/phase_4/final_phase4_14_09/old /result/ivb_pipeline_outputs/eggnog_results/eggnog_desiccation.emapper.hits	eggnog_desiccation.emapper.hits	0.002	2025-09-18 02:45:10.501594	eggNOG/emapper
/media/saji/5E06441D0643F5152/phase_4/final_phase4_14_09/old /result/ivb_pipeline_outputs_all_peptides/eggnog_results/eggnog_desiccation.emapper.seed_orthologs	eggnog_desiccation.emapper.seed_orthologs	0.009	2025-09-18 22:36:25.143371	eggNOG/emapper
/media/saji/5E06441D0643F5152/phase_4/final_phase4_14_09/old /result/ivb_pipeline_outputs/eggnog_results/eggnog_desiccation.emapper.seed_orthologs	eggnog_desiccation.emapper.seed_orthologs	0.002	2025-09-18 02:45:10.555594	eggNOG/emapper
/media/saji/5E06441D0643F5152/phase_4/final_phase4_14_09/old /result/ivb_pipeline_outputs_all_peptides/eggnog_results/eggnog_desiccation.log	eggnog_desiccation.log	0.003	2025-09-18 22:36:29.658312	eggNOG/emapper
/media/saji/5E06441D0643F5152/phase_4/final_phase4_14_09/old /result/ivb_pipeline_outputs/eggnog_results/eggnog_desiccation.log	eggnog_desiccation.log	0.003	2025-09-18 02:45:12.003584	eggNOG/emapper
/media/saji/5E06441D0643F5152/phase_4/final_phase4_14_09/old /result/ivb_pipeline_outputs_all_peptides/eggnog_results/eggnog_gamma.emapper.annotations	eggnog_gamma.emapper.annotations	0.074	2025-09-18 22:35:59.830704	eggNOG/emapper
/media/saji/5E06441D0643F5152/phase_4/final_phase4_14_09/old /result/ivb_pipeline_outputs/eggnog_results/eggnog_gamma.emapper.annotations	eggnog_gamma.emapper.annotations	0.006	2025-09-18 04:26:12.049665	eggNOG/emapper
/media/saji/5E06441D0643F5152/phase_4/final_phase4_14_09/old /result/ivb_pipeline_outputs_all_peptides/eggnog_results/eggnog_gamma.emapper.hits	eggnog_gamma.emapper.hits	0.011	2025-09-18 22:35:53.856783	eggNOG/emapper
/media/saji/5E06441D0643F5152/phase_4/final_phase4_14_09/old /result/ivb_pipeline_outputs/eggnog_results/eggnog_gamma.emapper.hits	eggnog_gamma.emapper.hits	0.001	2025-09-18 04:26:10.827663	eggNOG/emapper
/media/saji/5E06441D0643F5152/phase_4/final_phase4_14_09/old /result/ivb_pipeline_outputs_all_peptides/eggnog_results/eggnog_gamma.emapper.seed_orthologs	eggnog_gamma.emapper.seed_orthologs	0.006	2025-09-18 22:35:55.864757	eggNOG/emapper
/media/saji/5E06441D0643F5152/phase_4/final_phase4_14_09/old /result/ivb_pipeline_outputs/eggnog_results/eggnog_gamma.emapper.seed_orthologs	eggnog_gamma.emapper.seed_orthologs	0.001	2025-09-18 04:26:10.860663	eggNOG/emapper
/media/saji/5E06441D0643F5152/phase_4/final_phase4_14_09/old /result/ivb_pipeline_outputs_all_peptides/eggnog_results/eggnog_gamma.log	eggnog_gamma.log	0.003	2025-09-18 22:35:59.835704	eggNOG/emapper
/media/saji/5E06441D0643F5152/phase_4/final_phase4_14_09/old /result/ivb_pipeline_outputs/eggnog_results/eggnog_gamma.log	eggnog_gamma.log	0.003	2025-09-18 04:26:12.056665	eggNOG/emapper
/media/saji/5E06441D0643F5152/phase_4/final_phase4_14_09/old /result/ivb_pipeline_outputs_all_peptides/eggnog_results/eggnog_ht.emapper.annotations	eggnog_ht.emapper.annotations	0.02	2025-09-18 22:34:16.974109	eggNOG/emapper
/media/saji/5E06441D0643F5152/phase_4/final_phase4_14_09/old /result/ivb_pipeline_outputs/eggnog_results/eggnog_ht.emapper.annotations	eggnog_ht.emapper.annotations	0.002	2025-09-18 06:03:57.920506	eggNOG/emapper
/media/saji/5E06441D0643F5152/phase_4/final_phase4_14_09/old /result/ivb_pipeline_outputs_all_peptides/eggnog_results/eggnog_ht.emapper.hits	eggnog_ht.emapper.hits	0.001	2025-09-18 22:34:15.161135	eggNOG/emapper
/media/saji/5E06441D0643F5152/phase_4/final_phase4_14_09/old /result/ivb_pipeline_outputs/eggnog_results/eggnog_ht.emapper.hits	eggnog_ht.emapper.hits	0	2025-09-18 06:03:57.301511	eggNOG/emapper
/media/saji/5E06441D0643F5152/phase_4/final_phase4_14_09/old /result/ivb_pipeline_outputs_all_peptides/eggnog_results/eggnog_ht.emapper.seed_orthologs	eggnog_ht.emapper.seed_orthologs	0.002	2025-09-18 22:34:15.204134	eggNOG/emapper
/media/saji/5E06441D0643F5152/phase_4/final_phase4_14_09/old /result/ivb_pipeline_outputs/eggnog_results/eggnog_ht.emapper.seed_orthologs	eggnog_ht.emapper.seed_orthologs	0.001	2025-09-18 06:03:57.335511	eggNOG/emapper
/media/saji/5E06441D0643F5152/phase_4/final_phase4_14_09/old /result/ivb_pipeline_outputs_all_peptides/eggnog_results/eggnog_ht.log	eggnog_ht.log	0.003	2025-09-18 22:34:16.978109	eggNOG/emapper
/media/saji/5E06441D0643F5152/phase_4/final_phase4_14_09/old /result/ivb_pipeline_outputs/eggnog_results/eggnog_ht.log	eggnog_ht.log	0.003	2025-09-18 06:03:57.931506	eggNOG/emapper
/media/saji/5E06441D0643F5152/phase_4/final_phase4_14_09/old /result/ivb_pipeline_outputs_all_peptides/eggnog_results/eggnog_lt.emapper.annotations	eggnog_lt.emapper.annotations	0.171	2025-09-19 02:41:19.798318	eggNOG/emapper
/media/saji/5E06441D0643F5152/phase_4/final_phase4_14_09/old /result/ivb_pipeline_outputs/eggnog_results/eggnog_lt.emapper.annotations	eggnog_lt.emapper.annotations	0.01	2025-09-18 07:45:15.525838	eggNOG/emapper
/media/saji/5E06441D0643F5152/phase_4/final_phase4_14_09/old /result/ivb_pipeline_outputs_all_peptides/eggnog_results/eggnog_lt.emapper.hits	eggnog_lt.emapper.hits	0.016	2025-09-19 02:41:13.939356	eggNOG/emapper
/media/saji/5E06441D0643F5152/phase_4/final_phase4_14_09/old /result/ivb_pipeline_outputs/eggnog_results/eggnog_lt.emapper.hits	eggnog_lt.emapper.hits	0.002	2025-09-18 07:45:14.382842	eggNOG/emapper
/media/saji/5E06441D0643F5152/phase_4/final_phase4_14_09/old /result/ivb_pipeline_outputs_all_peptides/eggnog_results/eggnog_lt.emapper.seed_orthologs	eggnog_lt.emapper.seed_orthologs	0.009	2025-09-19 02:41:17.336334	eggNOG/emapper
/media/saji/5E06441D0643F5152/phase_4/final_phase4_14_09/old /result/ivb_pipeline_outputs/eggnog_results/eggnog_lt.emapper.seed_orthologs	eggnog_lt.emapper.seed_orthologs	0.002	2025-09-18 07:45:14.413842	eggNOG/emapper
/media/saji/5E06441D0643F5152/phase_4/final_phase4_14_09/old /result/ivb_pipeline_outputs_all_peptides/eggnog_results/eggnog_lt.log	eggnog_lt.log	0.003	2025-09-19 02:41:19.803318	eggNOG/emapper
/media/saji/5E06441D0643F5152/phase_4/final_phase4_14_09/old /result/ivb_pipeline_outputs/eggnog_results/eggnog_lt.log	eggnog_lt.log	0.003	2025-09-18 07:45:15.532838	eggNOG/emapper
/media/saji/5E06441D0643F5152/phase_4/final_phase4_14_09/old /result/ivb_pipeline_outputs_all_peptides/eggnog_results/eggnog_master.emapper.annotations	eggnog_master.emapper.annotations	0.562	2025-09-19 02:43:55.846319	eggNOG/emapper
/media/saji/5E06441D0643F5152/phase_4/final_phase4_14_09/old /result/ivb_pipeline_outputs/eggnog_results/eggnog_master.emapper.annotations	eggnog_master.emapper.annotations	0.027	2025-09-18 09:28:17.682192	eggNOG/emapper
/media/saji/5E06441D0643F5152/phase_4/final_phase4_14_09/old /result/ivb_pipeline_outputs_all_peptides/eggnog_results/eggnog_master.emapper.hits	eggnog_master.emapper.hits	0.057	2025-09-19 02:43:51.05035	eggNOG/emapper
/media/saji/5E06441D0643F5152/phase_4/final_phase4_14_09/old /result/ivb_pipeline_outputs/eggnog_results/eggnog_master.emapper.hits	eggnog_master.emapper.hits	0.005	2025-09-18 09:28:17.251195	eggNOG/emapper
/media/saji/5E06441D0643F5152/phase_4/final_phase4_14_09/old /result/ivb_pipeline_outputs_all_peptides/eggnog_results/eggnog_master.emapper.seed_orthologs	eggnog_master.emapper.seed_orthologs	0.028	2025-09-19 02:43:53.206336	eggNOG/emapper
/media/saji/5E06441D0643F5152/phase_4/final_phase4_14_09/old /result/ivb_pipeline_outputs/eggnog_results/eggnog_master.emapper.seed_orthologs	eggnog_master.emapper.seed_orthologs	0.003	2025-09-18 09:28:17.277195	eggNOG/emapper
/media/saji/5E06441D0643F5152/phase_4/final_phase4_14_09/old /result/ivb_pipeline_outputs_all_peptides/eggnog_results/eggnog_master.log	eggnog_master.log	0.003	2025-09-19 02:43:55.850319	eggNOG/emapper
/media/saji/5E06441D0643F5152/phase_4/final_phase4_14_09/old /result/ivb_pipeline_outputs/eggnog_results/eggnog_master.log	eggnog_master.log	0.003	2025-09-18 09:28:17.692192	eggNOG/emapper
/media/saji/5E06441D0643F5152/phase_4/final_phase4_14_09/old /result/ivb_pipeline_outputs/eggnog_results/parsed/eggnog_master_table.tsv	eggnog_master_table.tsv	0.012	2025-09-18 21:40:57.905368	eggNOG/emapper
/media/saji/5E06441D0643F5152/phase_4/final_phase4_14_09/old /result/ivb_pipeline_outputs_all_peptides/eggnog_results/eggnog_osmotic.emapper.annotations	eggnog_osmotic.emapper.annotations	0.02	2025-09-19 02:36:13.905748	eggNOG/emapper
/media/saji/5E06441D0643F5152/phase_4/final_phase4_14_09/old /result/ivb_pipeline_outputs/eggnog_results/eggnog_osmotic.emapper.annotations	eggnog_osmotic.emapper.annotations	0.002	2025-09-18 11:04:08.988625	eggNOG/emapper
/media/saji/5E06441D0643F5152/phase_4/final_phase4_14_09/old /result/ivb_pipeline_outputs_all_peptides/eggnog_results/eggnog_osmotic.emapper.hits	eggnog_osmotic.emapper.hits	0.001	2025-09-19 02:36:13.27434	eggNOG/emapper
/media/saji/5E06441D0643F5152/phase_4/final_phase4_14_09/old /result/ivb_pipeline_outputs/eggnog_results/eggnog_osmotic.emapper.hits	eggnog_osmotic.emapper.hits	0	2025-09-18 11:04:08.843626	eggNOG/emapper
/media/saji/5E06441D0643F5152/phase_4/final_phase4_14_09/old /result/ivb_pipeline_outputs_all_peptides/eggnog_results/eggnog_osmotic.emapper.seed_orthologs	eggnog_osmotic.emapper.seed_orthologs	0.002	2025-09-19 02:36:13.31434	eggNOG/emapper
/media/saji/5E06441D0643F5152/phase_4/final_phase4_14_09/old /result/ivb_pipeline_outputs/eggnog_results/eggnog_osmotic.emapper.seed_orthologs	eggnog_osmotic.emapper.seed_orthologs	0.001	2025-09-18 11:04:08.877625	eggNOG/emapper
/media/saji/5E06441D0643F5152/phase_4/final_phase4_14_09/old /result/ivb_pipeline_outputs_all_peptides/eggnog_results/eggnog_osmotic.log	eggnog_osmotic.log	0.003	2025-09-19 02:36:13.910336	eggNOG/emapper
/media/saji/5E06441D0643F5152/phase_4/final_phase4_14_09/old /result/ivb_pipeline_outputs/eggnog_results/eggnog_osmotic.log	eggnog_osmotic.log	0.003	2025-09-18 11:04:08.991625	eggNOG/emapper
/media/saji/5E06441D0643F5152/phase_4/final_phase4_14_09/result/old_mthod/phase4b/phase4b_map_and_reg/eggnog/eggnog_resume.log	eggnog_resume.log	0.002	2025-10-13 14:11:14.876934	eggNOG/emapper
/media/saji/5E06441D0643F5152/phase_4/final_phase4_14_09/result/phase4b/old_phase4b/phase4b_map_and_reg/eggnog/eggnog_resume.log	eggnog_resume.log	0.002	2025-10-13 14:11:14.876934	eggNOG/emapper
/media/saji/5E06441D0643F5152/phase_4/eggnog_run.log	eggnog_run.log	0	2025-10-12 13:21:37.064473	eggNOG/emapper
/media/saji/5E06441D0643F5152/phase_4/final_phase4_14_09/old /result/ivb_pipeline_outputs_all_peptides/eggnog_results/eggnog_uv.emapper.annotations	eggnog_uv.emapper.annotations	0.117	2025-09-19 05:06:54.364715	eggNOG/emapper
/media/saji/5E06441D0643F5152/phase_4/final_phase4_14_09/old /result/ivb_pipeline_outputs/eggnog_results/eggnog_uv.emapper.annotations	eggnog_uv.emapper.annotations	0.002	2025-09-18 12:43:33.797282	eggNOG/emapper
/media/saji/5E06441D0643F5152/phase_4/final_phase4_14_09/old /result/ivb_pipeline_outputs_all_peptides/eggnog_results/eggnog_uv.emapper.hits	eggnog_uv.emapper.hits	0.011	2025-09-19 05:06:54.168716	eggNOG/emapper
/media/saji/5E06441D0643F5152/phase_4/final_phase4_14_09/old /result/ivb_pipeline_outputs/eggnog_results/eggnog_uv.emapper.hits	eggnog_uv.emapper.hits	0	2025-09-18 12:43:33.656283	eggNOG/emapper
/media/saji/5E06441D0643F5152/phase_4/final_phase4_14_09/old /result/ivb_pipeline_outputs_all_peptides/eggnog_results/eggnog_uv.emapper.seed_orthologs	eggnog_uv.emapper.seed_orthologs	0.006	2025-09-19 05:06:54.312715	eggNOG/emapper
/media/saji/5E06441D0643F5152/phase_4/final_phase4_14_09/old /result/ivb_pipeline_outputs/eggnog_results/eggnog_uv.emapper.seed_orthologs	eggnog_uv.emapper.seed_orthologs	0.001	2025-09-18 12:43:33.689283	eggNOG/emapper
/media/saji/5E06441D0643F5152/phase_4/final_phase4_14_09/old /result/ivb_pipeline_outputs_all_peptides/eggnog_results/eggnog_uv.log	eggnog_uv.log	0.003	2025-09-19 05:06:54.367715	eggNOG/emapper
/media/saji/5E06441D0643F5152/phase_4/final_phase4_14_09/old /result/ivb_pipeline_outputs/eggnog_results/eggnog_uv.log	eggnog_uv.log	0.003	2025-09-18 12:43:33.800282	eggNOG/emapper
/media/saji/5E06441D0643F5152/phase_4/final_phase4_14_09/result/annotation_unified_SHORTLISTED/backup/final_439_prot.emapper.annotations	final_439_prot.emapper.annotations	0.695	2025-10-20 17:40:40.395733	eggNOG/emapper
/media/saji/5E06441D0643F5152/phase_4/final_phase4_14_09/result/annotation_unified_SHORTLISTED/final_439_prot.emapper.annotations	final_439_prot.emapper.annotations	0.695	2025-10-20 17:40:40.395733	eggNOG/emapper
/media/saji/5E06441D0643F5152/phase_4/final_phase4_14_09/result/annotation_unified_SHORTLISTED/backup/final_439_prot.emapper.hits	final_439_prot.emapper.hits	0.066	2025-10-20 12:02:55.531784	eggNOG/emapper
/media/saji/5E06441D0643F5152/phase_4/final_phase4_14_09/result/annotation_unified_SHORTLISTED/final_439_prot.emapper.hits	final_439_prot.emapper.hits	0.066	2025-10-20 12:02:55.531784	eggNOG/emapper
/media/saji/5E06441D0643F5152/phase_4/final_phase4_14_09/result/annotation_unified_SHORTLISTED/old/final_439_prot.emapper.hits	final_439_prot.emapper.hits	0.066	2025-10-20 05:16:38.713097	eggNOG/emapper
/media/saji/5E06441D0643F5152/phase_4/final_phase4_14_09/result/annotation_unified_SHORTLISTED/backup/final_439_prot.emapper.seed_orthologs	final_439_prot.emapper.seed_orthologs	0.029	2025-10-20 17:40:39.888731	eggNOG/emapper
/media/saji/5E06441D0643F5152/phase_4/final_phase4_14_09/result/annotation_unified_SHORTLISTED/final_439_prot.emapper.seed_orthologs	final_439_prot.emapper.seed_orthologs	0.029	2025-10-20 17:40:39.888731	eggNOG/emapper
/media/saji/5E06441D0643F5152/phase_4/final_phase4_14_09/result/annotation_unified_SHORTLISTED/old/final_439_prot.emapper.seed_orthologs	final_439_prot.emapper.seed_orthologs	0.03	2025-10-20 05:17:13.362755	eggNOG/emapper
/media/saji/5E06441D0643F5152/phase_4/final_phase4_14_09/result/old_mthod/phase4b/phase4b_map_and_reg/eggnog/phase4b_full.emapper.annotations	phase4b_full.emapper.annotations	0.583	2025-10-13 14:11:14.873934	eggNOG/emapper
/media/saji/5E06441D0643F5152/phase_4/final_phase4_14_09/result/phase4b/old_phase4b/phase4b_map_and_reg/eggnog/phase4b_full.emapper.annotations	phase4b_full.emapper.annotations	0.583	2025-10-13 14:11:14.873934	eggNOG/emapper
/media/saji/5E06441D0643F5152/phase_4/final_phase4_14_09/result/old_mthod/phase4b/phase4b_map_and_reg/eggnog/phase4b_full.emapper.hits	phase4b_full.emapper.hits	1.198	2025-10-13 00:43:31.137828	eggNOG/emapper
/media/saji/5E06441D0643F5152/phase_4/final_phase4_14_09/result/phase4b/old_phase4b/phase4b_map_and_reg/eggnog/phase4b_full.emapper.hits	phase4b_full.emapper.hits	1.198	2025-10-13 00:43:31.137828	eggNOG/emapper
/media/saji/5E06441D0643F5152/phase_4/final_phase4_14_09/result/old_mthod/phase4b/phase4b_map_and_reg/eggnog/phase4b_full.emapper.seed_orthologs	phase4b_full.emapper.seed_orthologs	0.024	2025-10-13 14:11:14.817935	eggNOG/emapper
/media/saji/5E06441D0643F5152/phase_4/final_phase4_14_09/result/phase4b/old_phase4b/phase4b_map_and_reg/eggnog/phase4b_full.emapper.seed_orthologs	phase4b_full.emapper.seed_orthologs	0.024	2025-10-13 14:11:14.817935	eggNOG/emapper
/media/saji/5E06441D0643F5152/phase_4/run_eggnog_on_peptides.sh	run_eggnog_on_peptides.sh	0.001	2025-10-12 13:21:06.909811	eggNOG/emapper
/media/saji/5E06441D0643F5152/FSF_SIGNAL_STRATIFICATION/scripts/23_prepare_stable_signal_annotation_inputs.R	23_prepare_stable_signal_annotation_inputs.R	0.004	2026-06-06 02:52:31.639382	general_annotation
/media/saji/5E06441D0643F5152/FSF_SIGNAL_STRATIFICATION/results/logs/23_prepare_stable_signal_annotation_inputs.log	23_prepare_stable_signal_annotation_inputs.log	0.004	2026-06-06 02:52:45.284463	general_annotation
/media/saji/5E06441D0643F5152/FSF_SIGNAL_STRATIFICATION/scripts/24_register_annotation_resources.R	24_register_annotation_resources.R	0.004	2026-06-06 02:56:25.854412	general_annotation
/media/saji/5E06441D0643F5152/FSF_SIGNAL_STRATIFICATION/results/logs/24_register_annotation_resources.log	24_register_annotation_resources.log	0.001	2026-06-06 02:56:35.669441	general_annotation
/media/saji/5E06441D0643F5152/phase_4/final_phase4_14_09/old /result/braker_genome_annotation/species/Ramazzottius_annotation/Ramazzottius_annotation_exon_probs.pbl	Ramazzottius_annotation_exon_probs.pbl	0.227	2025-09-15 13:55:57.181757	general_annotation
/media/saji/5E06441D0643F5152/phase_4/final_phase4_14_09/result/braker_genome_annotation/old_new/old/species/Ramazzottius_annotation/Ramazzottius_annotation_exon_probs.pbl	Ramazzottius_annotation_exon_probs.pbl	0.247	2025-10-19 03:15:55.335696	general_annotation
/media/saji/5E06441D0643F5152/phase_4/final_phase4_14_09/result/braker_genome_annotation/old_old/old/species/Ramazzottius_annotation/Ramazzottius_annotation_exon_probs.pbl	Ramazzottius_annotation_exon_probs.pbl	0.227	2025-10-04 04:22:37.482463	general_annotation
/media/saji/5E06441D0643F5152/phase_4/final_phase4_14_09/result/braker_genome_annotation/old_old/species/Ramazzottius_annotation/Ramazzottius_annotation_exon_probs.pbl	Ramazzottius_annotation_exon_probs.pbl	0.229	2025-10-05 01:07:47.629196	general_annotation
/media/saji/5E06441D0643F5152/phase_4/final_phase4_14_09/result/braker_genome_annotation/species/Ramazzottius_annotation/Ramazzottius_annotation_exon_probs.pbl	Ramazzottius_annotation_exon_probs.pbl	0.229	2025-10-08 16:00:20.604006	general_annotation
/media/saji/5E06441D0643F5152/phase_4/final_phase4_14_09/result/old_mthod/braker_genome_annotation/old_old/old/species/Ramazzottius_annotation/Ramazzottius_annotation_exon_probs.pbl	Ramazzottius_annotation_exon_probs.pbl	0.227	2025-10-04 04:22:37.482463	general_annotation
/media/saji/5E06441D0643F5152/phase_4/final_phase4_14_09/result/old_mthod/braker_genome_annotation/old_old/species/Ramazzottius_annotation/Ramazzottius_annotation_exon_probs.pbl	Ramazzottius_annotation_exon_probs.pbl	0.229	2025-10-05 01:07:47.629196	general_annotation
/media/saji/5E06441D0643F5152/phase_4/final_phase4_14_09/result/old_mthod/braker_genome_annotation/species/Ramazzottius_annotation/Ramazzottius_annotation_exon_probs.pbl	Ramazzottius_annotation_exon_probs.pbl	0.229	2025-10-08 16:00:20.604006	general_annotation
/media/saji/5E06441D0643F5152/phase_4/final_phase4_14_09/old /result/braker_genome_annotation/species/Ramazzottius_annotation/Ramazzottius_annotation_igenic_probs.pbl	Ramazzottius_annotation_igenic_probs.pbl	0.031	2025-09-15 13:55:57.181757	general_annotation
/media/saji/5E06441D0643F5152/phase_4/final_phase4_14_09/result/braker_genome_annotation/old_new/old/species/Ramazzottius_annotation/Ramazzottius_annotation_igenic_probs.pbl	Ramazzottius_annotation_igenic_probs.pbl	0.031	2025-10-19 03:15:55.335696	general_annotation
/media/saji/5E06441D0643F5152/phase_4/final_phase4_14_09/result/braker_genome_annotation/old_old/old/species/Ramazzottius_annotation/Ramazzottius_annotation_igenic_probs.pbl	Ramazzottius_annotation_igenic_probs.pbl	0.031	2025-10-04 04:22:37.483463	general_annotation
/media/saji/5E06441D0643F5152/phase_4/final_phase4_14_09/result/braker_genome_annotation/old_old/species/Ramazzottius_annotation/Ramazzottius_annotation_igenic_probs.pbl	Ramazzottius_annotation_igenic_probs.pbl	0.031	2025-10-05 01:07:47.629196	general_annotation
/media/saji/5E06441D0643F5152/phase_4/final_phase4_14_09/result/braker_genome_annotation/species/Ramazzottius_annotation/Ramazzottius_annotation_igenic_probs.pbl	Ramazzottius_annotation_igenic_probs.pbl	0.031	2025-10-08 16:00:20.604006	general_annotation
/media/saji/5E06441D0643F5152/phase_4/final_phase4_14_09/result/old_mthod/braker_genome_annotation/old_old/old/species/Ramazzottius_annotation/Ramazzottius_annotation_igenic_probs.pbl	Ramazzottius_annotation_igenic_probs.pbl	0.031	2025-10-04 04:22:37.483463	general_annotation
/media/saji/5E06441D0643F5152/phase_4/final_phase4_14_09/result/old_mthod/braker_genome_annotation/old_old/species/Ramazzottius_annotation/Ramazzottius_annotation_igenic_probs.pbl	Ramazzottius_annotation_igenic_probs.pbl	0.031	2025-10-05 01:07:47.629196	general_annotation
/media/saji/5E06441D0643F5152/phase_4/final_phase4_14_09/result/old_mthod/braker_genome_annotation/species/Ramazzottius_annotation/Ramazzottius_annotation_igenic_probs.pbl	Ramazzottius_annotation_igenic_probs.pbl	0.031	2025-10-08 16:00:20.604006	general_annotation
/media/saji/5E06441D0643F5152/phase_4/final_phase4_14_09/old /result/braker_genome_annotation/species/Ramazzottius_annotation/Ramazzottius_annotation_intron_probs.pbl	Ramazzottius_annotation_intron_probs.pbl	0.129	2025-09-15 13:55:57.181757	general_annotation
/media/saji/5E06441D0643F5152/phase_4/final_phase4_14_09/result/braker_genome_annotation/old_new/old/species/Ramazzottius_annotation/Ramazzottius_annotation_intron_probs.pbl	Ramazzottius_annotation_intron_probs.pbl	0.331	2025-10-19 03:15:55.335696	general_annotation
/media/saji/5E06441D0643F5152/phase_4/final_phase4_14_09/result/braker_genome_annotation/old_old/old/species/Ramazzottius_annotation/Ramazzottius_annotation_intron_probs.pbl	Ramazzottius_annotation_intron_probs.pbl	0.129	2025-10-04 04:22:37.473463	general_annotation
/media/saji/5E06441D0643F5152/phase_4/final_phase4_14_09/result/braker_genome_annotation/old_old/species/Ramazzottius_annotation/Ramazzottius_annotation_intron_probs.pbl	Ramazzottius_annotation_intron_probs.pbl	0.137	2025-10-05 01:07:47.629196	general_annotation
/media/saji/5E06441D0643F5152/phase_4/final_phase4_14_09/result/braker_genome_annotation/species/Ramazzottius_annotation/Ramazzottius_annotation_intron_probs.pbl	Ramazzottius_annotation_intron_probs.pbl	0.137	2025-10-08 16:00:20.604006	general_annotation
/media/saji/5E06441D0643F5152/phase_4/final_phase4_14_09/result/old_mthod/braker_genome_annotation/old_old/old/species/Ramazzottius_annotation/Ramazzottius_annotation_intron_probs.pbl	Ramazzottius_annotation_intron_probs.pbl	0.129	2025-10-04 04:22:37.473463	general_annotation
/media/saji/5E06441D0643F5152/phase_4/final_phase4_14_09/result/old_mthod/braker_genome_annotation/old_old/species/Ramazzottius_annotation/Ramazzottius_annotation_intron_probs.pbl	Ramazzottius_annotation_intron_probs.pbl	0.137	2025-10-05 01:07:47.629196	general_annotation
/media/saji/5E06441D0643F5152/phase_4/final_phase4_14_09/result/old_mthod/braker_genome_annotation/species/Ramazzottius_annotation/Ramazzottius_annotation_intron_probs.pbl	Ramazzottius_annotation_intron_probs.pbl	0.137	2025-10-08 16:00:20.604006	general_annotation
/media/saji/5E06441D0643F5152/phase_4/final_phase4_14_09/old /result/braker_genome_annotation/species/Ramazzottius_annotation/Ramazzottius_annotation_metapars.cfg	Ramazzottius_annotation_metapars.cfg	0.002	2025-09-15 13:55:57.181757	general_annotation
/media/saji/5E06441D0643F5152/phase_4/final_phase4_14_09/result/braker_genome_annotation/old_new/old/species/Ramazzottius_annotation/Ramazzottius_annotation_metapars.cfg	Ramazzottius_annotation_metapars.cfg	0.002	2025-10-19 03:15:55.334696	general_annotation
/media/saji/5E06441D0643F5152/phase_4/final_phase4_14_09/result/braker_genome_annotation/old_old/old/species/Ramazzottius_annotation/Ramazzottius_annotation_metapars.cfg	Ramazzottius_annotation_metapars.cfg	0.002	2025-10-04 04:22:37.477463	general_annotation
/media/saji/5E06441D0643F5152/phase_4/final_phase4_14_09/result/braker_genome_annotation/old_old/species/Ramazzottius_annotation/Ramazzottius_annotation_metapars.cfg	Ramazzottius_annotation_metapars.cfg	0.002	2025-10-05 01:07:47.628196	general_annotation
/media/saji/5E06441D0643F5152/phase_4/final_phase4_14_09/result/braker_genome_annotation/species/Ramazzottius_annotation/Ramazzottius_annotation_metapars.cfg	Ramazzottius_annotation_metapars.cfg	0.002	2025-10-08 16:00:20.604006	general_annotation
/media/saji/5E06441D0643F5152/phase_4/final_phase4_14_09/result/old_mthod/braker_genome_annotation/old_old/old/species/Ramazzottius_annotation/Ramazzottius_annotation_metapars.cfg	Ramazzottius_annotation_metapars.cfg	0.002	2025-10-04 04:22:37.477463	general_annotation
/media/saji/5E06441D0643F5152/phase_4/final_phase4_14_09/result/old_mthod/braker_genome_annotation/old_old/species/Ramazzottius_annotation/Ramazzottius_annotation_metapars.cfg	Ramazzottius_annotation_metapars.cfg	0.002	2025-10-05 01:07:47.628196	general_annotation
/media/saji/5E06441D0643F5152/phase_4/final_phase4_14_09/result/old_mthod/braker_genome_annotation/species/Ramazzottius_annotation/Ramazzottius_annotation_metapars.cfg	Ramazzottius_annotation_metapars.cfg	0.002	2025-10-08 16:00:20.604006	general_annotation
/media/saji/5E06441D0643F5152/phase_4/final_phase4_14_09/old /result/braker_genome_annotation/species/Ramazzottius_annotation/Ramazzottius_annotation_metapars.cgp.cfg	Ramazzottius_annotation_metapars.cgp.cfg	0.001	2025-09-15 13:55:57.181757	general_annotation
/media/saji/5E06441D0643F5152/phase_4/final_phase4_14_09/result/braker_genome_annotation/old_new/old/species/Ramazzottius_annotation/Ramazzottius_annotation_metapars.cgp.cfg	Ramazzottius_annotation_metapars.cgp.cfg	0.001	2025-10-19 03:15:55.334696	general_annotation
/media/saji/5E06441D0643F5152/phase_4/final_phase4_14_09/result/braker_genome_annotation/old_old/old/species/Ramazzottius_annotation/Ramazzottius_annotation_metapars.cgp.cfg	Ramazzottius_annotation_metapars.cgp.cfg	0.001	2025-10-04 04:22:37.480463	general_annotation
/media/saji/5E06441D0643F5152/phase_4/final_phase4_14_09/result/braker_genome_annotation/old_old/species/Ramazzottius_annotation/Ramazzottius_annotation_metapars.cgp.cfg	Ramazzottius_annotation_metapars.cgp.cfg	0.001	2025-10-05 01:07:47.628196	general_annotation
/media/saji/5E06441D0643F5152/phase_4/final_phase4_14_09/result/braker_genome_annotation/species/Ramazzottius_annotation/Ramazzottius_annotation_metapars.cgp.cfg	Ramazzottius_annotation_metapars.cgp.cfg	0.001	2025-10-08 16:00:20.604006	general_annotation
/media/saji/5E06441D0643F5152/phase_4/final_phase4_14_09/result/old_mthod/braker_genome_annotation/old_old/old/species/Ramazzottius_annotation/Ramazzottius_annotation_metapars.cgp.cfg	Ramazzottius_annotation_metapars.cgp.cfg	0.001	2025-10-04 04:22:37.480463	general_annotation
/media/saji/5E06441D0643F5152/phase_4/final_phase4_14_09/result/old_mthod/braker_genome_annotation/old_old/species/Ramazzottius_annotation/Ramazzottius_annotation_metapars.cgp.cfg	Ramazzottius_annotation_metapars.cgp.cfg	0.001	2025-10-05 01:07:47.628196	general_annotation
/media/saji/5E06441D0643F5152/phase_4/final_phase4_14_09/result/old_mthod/braker_genome_annotation/species/Ramazzottius_annotation/Ramazzottius_annotation_metapars.cgp.cfg	Ramazzottius_annotation_metapars.cgp.cfg	0.001	2025-10-08 16:00:20.604006	general_annotation
/media/saji/5E06441D0643F5152/phase_4/final_phase4_14_09/old /result/braker_genome_annotation/species/Ramazzottius_annotation/Ramazzottius_annotation_metapars.utr.cfg	Ramazzottius_annotation_metapars.utr.cfg	0.001	2025-09-15 13:55:57.181757	general_annotation
/media/saji/5E06441D0643F5152/phase_4/final_phase4_14_09/result/braker_genome_annotation/old_new/old/species/Ramazzottius_annotation/Ramazzottius_annotation_metapars.utr.cfg	Ramazzottius_annotation_metapars.utr.cfg	0.001	2025-10-19 03:15:55.334696	general_annotation
/media/saji/5E06441D0643F5152/phase_4/final_phase4_14_09/result/braker_genome_annotation/old_old/old/species/Ramazzottius_annotation/Ramazzottius_annotation_metapars.utr.cfg	Ramazzottius_annotation_metapars.utr.cfg	0.001	2025-10-04 04:22:37.478463	general_annotation
/media/saji/5E06441D0643F5152/phase_4/final_phase4_14_09/result/braker_genome_annotation/old_old/species/Ramazzottius_annotation/Ramazzottius_annotation_metapars.utr.cfg	Ramazzottius_annotation_metapars.utr.cfg	0.001	2025-10-05 01:07:47.628196	general_annotation
/media/saji/5E06441D0643F5152/phase_4/final_phase4_14_09/result/braker_genome_annotation/species/Ramazzottius_annotation/Ramazzottius_annotation_metapars.utr.cfg	Ramazzottius_annotation_metapars.utr.cfg	0.001	2025-10-08 16:00:20.604006	general_annotation
/media/saji/5E06441D0643F5152/phase_4/final_phase4_14_09/result/old_mthod/braker_genome_annotation/old_old/old/species/Ramazzottius_annotation/Ramazzottius_annotation_metapars.utr.cfg	Ramazzottius_annotation_metapars.utr.cfg	0.001	2025-10-04 04:22:37.478463	general_annotation
/media/saji/5E06441D0643F5152/phase_4/final_phase4_14_09/result/old_mthod/braker_genome_annotation/old_old/species/Ramazzottius_annotation/Ramazzottius_annotation_metapars.utr.cfg	Ramazzottius_annotation_metapars.utr.cfg	0.001	2025-10-05 01:07:47.628196	general_annotation
/media/saji/5E06441D0643F5152/phase_4/final_phase4_14_09/result/old_mthod/braker_genome_annotation/species/Ramazzottius_annotation/Ramazzottius_annotation_metapars.utr.cfg	Ramazzottius_annotation_metapars.utr.cfg	0.001	2025-10-08 16:00:20.604006	general_annotation
/media/saji/5E06441D0643F5152/phase_4/final_phase4_14_09/old /result/braker_genome_annotation/species/Ramazzottius_annotation/Ramazzottius_annotation_parameters.cfg	Ramazzottius_annotation_parameters.cfg	0.007	2025-09-15 13:55:57.181757	general_annotation
/media/saji/5E06441D0643F5152/phase_4/final_phase4_14_09/result/braker_genome_annotation/old_new/old/species/Ramazzottius_annotation/Ramazzottius_annotation_parameters.cfg	Ramazzottius_annotation_parameters.cfg	0.007	2025-10-19 03:15:55.334696	general_annotation
/media/saji/5E06441D0643F5152/phase_4/final_phase4_14_09/result/braker_genome_annotation/old_old/old/species/Ramazzottius_annotation/Ramazzottius_annotation_parameters.cfg	Ramazzottius_annotation_parameters.cfg	0.007	2025-10-04 04:22:37.474463	general_annotation
/media/saji/5E06441D0643F5152/phase_4/final_phase4_14_09/result/braker_genome_annotation/old_old/species/Ramazzottius_annotation/Ramazzottius_annotation_parameters.cfg	Ramazzottius_annotation_parameters.cfg	0.007	2025-10-05 01:07:47.628196	general_annotation
/media/saji/5E06441D0643F5152/phase_4/final_phase4_14_09/result/braker_genome_annotation/species/Ramazzottius_annotation/Ramazzottius_annotation_parameters.cfg	Ramazzottius_annotation_parameters.cfg	0.007	2025-10-08 16:00:20.604006	general_annotation
/media/saji/5E06441D0643F5152/phase_4/final_phase4_14_09/result/old_mthod/braker_genome_annotation/old_old/old/species/Ramazzottius_annotation/Ramazzottius_annotation_parameters.cfg	Ramazzottius_annotation_parameters.cfg	0.007	2025-10-04 04:22:37.474463	general_annotation
/media/saji/5E06441D0643F5152/phase_4/final_phase4_14_09/result/old_mthod/braker_genome_annotation/old_old/species/Ramazzottius_annotation/Ramazzottius_annotation_parameters.cfg	Ramazzottius_annotation_parameters.cfg	0.007	2025-10-05 01:07:47.628196	general_annotation
/media/saji/5E06441D0643F5152/phase_4/final_phase4_14_09/result/old_mthod/braker_genome_annotation/species/Ramazzottius_annotation/Ramazzottius_annotation_parameters.cfg	Ramazzottius_annotation_parameters.cfg	0.007	2025-10-08 16:00:20.604006	general_annotation
/media/saji/5E06441D0643F5152/phase_4/final_phase4_14_09/old /result/braker_genome_annotation/species/Ramazzottius_annotation/Ramazzottius_annotation_parameters.cfg.orig1	Ramazzottius_annotation_parameters.cfg.orig1	0.007	2025-09-15 13:55:57.181757	general_annotation
/media/saji/5E06441D0643F5152/phase_4/final_phase4_14_09/result/braker_genome_annotation/old_new/old/species/Ramazzottius_annotation/Ramazzottius_annotation_parameters.cfg.orig1	Ramazzottius_annotation_parameters.cfg.orig1	0.007	2025-10-19 03:15:55.335696	general_annotation
/media/saji/5E06441D0643F5152/phase_4/final_phase4_14_09/result/braker_genome_annotation/old_old/old/species/Ramazzottius_annotation/Ramazzottius_annotation_parameters.cfg.orig1	Ramazzottius_annotation_parameters.cfg.orig1	0.007	2025-10-04 04:22:37.485463	general_annotation
/media/saji/5E06441D0643F5152/phase_4/final_phase4_14_09/result/braker_genome_annotation/old_old/species/Ramazzottius_annotation/Ramazzottius_annotation_parameters.cfg.orig1	Ramazzottius_annotation_parameters.cfg.orig1	0.007	2025-10-05 01:07:47.629196	general_annotation
/media/saji/5E06441D0643F5152/phase_4/final_phase4_14_09/result/braker_genome_annotation/species/Ramazzottius_annotation/Ramazzottius_annotation_parameters.cfg.orig1	Ramazzottius_annotation_parameters.cfg.orig1	0.007	2025-10-08 16:00:20.604006	general_annotation
/media/saji/5E06441D0643F5152/phase_4/final_phase4_14_09/result/old_mthod/braker_genome_annotation/old_old/old/species/Ramazzottius_annotation/Ramazzottius_annotation_parameters.cfg.orig1	Ramazzottius_annotation_parameters.cfg.orig1	0.007	2025-10-04 04:22:37.485463	general_annotation
/media/saji/5E06441D0643F5152/phase_4/final_phase4_14_09/result/old_mthod/braker_genome_annotation/old_old/species/Ramazzottius_annotation/Ramazzottius_annotation_parameters.cfg.orig1	Ramazzottius_annotation_parameters.cfg.orig1	0.007	2025-10-05 01:07:47.629196	general_annotation
/media/saji/5E06441D0643F5152/phase_4/final_phase4_14_09/result/old_mthod/braker_genome_annotation/species/Ramazzottius_annotation/Ramazzottius_annotation_parameters.cfg.orig1	Ramazzottius_annotation_parameters.cfg.orig1	0.007	2025-10-08 16:00:20.604006	general_annotation
/media/saji/5E06441D0643F5152/phase_4/final_phase4_14_09/old /result/braker_genome_annotation/species/Ramazzottius_annotation/Ramazzottius_annotation_weightmatrix.txt	Ramazzottius_annotation_weightmatrix.txt	0.001	2025-09-15 13:55:57.181757	general_annotation
/media/saji/5E06441D0643F5152/phase_4/final_phase4_14_09/result/braker_genome_annotation/old_new/old/species/Ramazzottius_annotation/Ramazzottius_annotation_weightmatrix.txt	Ramazzottius_annotation_weightmatrix.txt	0.001	2025-10-19 03:15:55.334696	general_annotation
/media/saji/5E06441D0643F5152/phase_4/final_phase4_14_09/result/braker_genome_annotation/old_old/old/species/Ramazzottius_annotation/Ramazzottius_annotation_weightmatrix.txt	Ramazzottius_annotation_weightmatrix.txt	0.001	2025-10-04 04:22:37.476463	general_annotation
/media/saji/5E06441D0643F5152/phase_4/final_phase4_14_09/result/braker_genome_annotation/old_old/species/Ramazzottius_annotation/Ramazzottius_annotation_weightmatrix.txt	Ramazzottius_annotation_weightmatrix.txt	0.001	2025-10-05 01:07:47.628196	general_annotation
/media/saji/5E06441D0643F5152/phase_4/final_phase4_14_09/result/braker_genome_annotation/species/Ramazzottius_annotation/Ramazzottius_annotation_weightmatrix.txt	Ramazzottius_annotation_weightmatrix.txt	0.001	2025-10-08 16:00:20.604006	general_annotation
/media/saji/5E06441D0643F5152/phase_4/final_phase4_14_09/result/old_mthod/braker_genome_annotation/old_old/old/species/Ramazzottius_annotation/Ramazzottius_annotation_weightmatrix.txt	Ramazzottius_annotation_weightmatrix.txt	0.001	2025-10-04 04:22:37.476463	general_annotation
/media/saji/5E06441D0643F5152/phase_4/final_phase4_14_09/result/old_mthod/braker_genome_annotation/old_old/species/Ramazzottius_annotation/Ramazzottius_annotation_weightmatrix.txt	Ramazzottius_annotation_weightmatrix.txt	0.001	2025-10-05 01:07:47.628196	general_annotation
/media/saji/5E06441D0643F5152/phase_4/final_phase4_14_09/result/old_mthod/braker_genome_annotation/species/Ramazzottius_annotation/Ramazzottius_annotation_weightmatrix.txt	Ramazzottius_annotation_weightmatrix.txt	0.001	2025-10-08 16:00:20.604006	general_annotation
/media/saji/5E06441D0643F5152/phase_4/final_phase4_14_09/result/old_mthod/phase4b/phase4b_map_and_reg/old_old/annotation_summary.csv	annotation_summary.csv	0	2025-10-13 23:08:11.275931	general_annotation
/media/saji/5E06441D0643F5152/phase_4/final_phase4_14_09/result/phase4b/old_phase4b/phase4b_map_and_reg/old_old/annotation_summary.csv	annotation_summary.csv	0	2025-10-13 23:08:11.275931	general_annotation
/media/saji/5E06441D0643F5152/phase_4/final_phase4_14_09/old /result/ivb_pipeline_outputs/filtered_peptide_less_150aa/csv_neuroPIpred_results/Modified_tardigrade_friendly/neuroPIpred_processed/eggnog_annotation_combine/combined_neuropeptide_annotations_desiccation.tsv	combined_neuropeptide_annotations_desiccation.tsv	0.003	2025-09-19 09:12:07.338426	general_annotation
/media/saji/5E06441D0643F5152/phase_4/final_phase4_14_09/old /result/ivb_pipeline_outputs/filtered_peptide_less_150aa/csv_neuroPIpred_results/Modified_tardigrade_friendly/neuroPIpred_processed/eggnog_annotation_combine/combined_neuropeptide_annotations_gamma.tsv	combined_neuropeptide_annotations_gamma.tsv	0	2025-09-19 09:12:07.317426	general_annotation
/media/saji/5E06441D0643F5152/phase_4/final_phase4_14_09/old /result/ivb_pipeline_outputs/filtered_peptide_less_150aa/csv_neuroPIpred_results/Modified_tardigrade_friendly/neuroPIpred_processed/eggnog_annotation_combine/combined_neuropeptide_annotations_ht.tsv	combined_neuropeptide_annotations_ht.tsv	0	2025-09-19 09:12:07.306427	general_annotation
/media/saji/5E06441D0643F5152/phase_4/final_phase4_14_09/old /result/ivb_pipeline_outputs/filtered_peptide_less_150aa/csv_neuroPIpred_results/Modified_tardigrade_friendly/neuroPIpred_processed/eggnog_annotation_combine/combined_neuropeptide_annotations_lt.tsv	combined_neuropeptide_annotations_lt.tsv	0.001	2025-09-19 09:12:07.278427	general_annotation
/media/saji/5E06441D0643F5152/phase_4/final_phase4_14_09/old /result/ivb_pipeline_outputs/filtered_peptide_less_150aa/csv_neuroPIpred_results/Modified_tardigrade_friendly/neuroPIpred_processed/eggnog_annotation_combine/combined_neuropeptide_annotations_master.tsv	combined_neuropeptide_annotations_master.tsv	0.005	2025-09-19 09:12:07.365426	general_annotation
/media/saji/5E06441D0643F5152/phase_4/final_phase4_14_09/old /result/ivb_pipeline_outputs/filtered_peptide_less_150aa/csv_neuroPIpred_results/Modified_tardigrade_friendly/neuroPIpred_processed/eggnog_annotation_combine/combined_neuropeptide_annotations_osmotic.tsv	combined_neuropeptide_annotations_osmotic.tsv	0	2025-09-19 09:12:07.333426	general_annotation
/media/saji/5E06441D0643F5152/phase_4/final_phase4_14_09/old /result/ivb_pipeline_outputs/filtered_peptide_less_150aa/csv_neuroPIpred_results/Modified_tardigrade_friendly/neuroPIpred_processed/eggnog_annotation_combine/combined_neuropeptide_annotations_uv.tsv	combined_neuropeptide_annotations_uv.tsv	0.001	2025-09-19 09:12:07.329426	general_annotation
/media/saji/5E06441D0643F5152/phase_4/final_phase4_14_09/old /result/ivb_pipeline_outputs/filtered_peptide_less_150aa/csv_neuroPIpred_results/Modified_tardigrade_friendly/final_annotation_merged/final_annotation_all_conditions.tsv	final_annotation_all_conditions.tsv	0.008	2025-09-18 00:10:36.339513	general_annotation
/media/saji/5E06441D0643F5152/phase_4/final_phase4_14_09/old /result/ivb_pipeline_outputs/filtered_peptide_less_150aa/csv_neuroPIpred_results/Modified_tardigrade_friendly/final_annotation_merged/final_annotation_desiccation.tsv	final_annotation_desiccation.tsv	0.002	2025-09-18 00:10:36.266513	general_annotation
/media/saji/5E06441D0643F5152/phase_4/final_phase4_14_09/old /result/ivb_pipeline_outputs/filtered_peptide_less_150aa/csv_neuroPIpred_results/Modified_tardigrade_friendly/final_annotation_merged/final_annotation_gamma.tsv	final_annotation_gamma.tsv	0.001	2025-09-18 00:10:36.275513	general_annotation
/media/saji/5E06441D0643F5152/phase_4/final_phase4_14_09/old /result/ivb_pipeline_outputs/filtered_peptide_less_150aa/csv_neuroPIpred_results/Modified_tardigrade_friendly/final_annotation_merged/final_annotation_ht.tsv	final_annotation_ht.tsv	0.001	2025-09-18 00:10:36.283513	general_annotation
/media/saji/5E06441D0643F5152/phase_4/final_phase4_14_09/old /result/ivb_pipeline_outputs/filtered_peptide_less_150aa/csv_neuroPIpred_results/Modified_tardigrade_friendly/final_annotation_merged/final_annotation_lt.tsv	final_annotation_lt.tsv	0.001	2025-09-18 00:10:36.291512	general_annotation
/media/saji/5E06441D0643F5152/phase_4/final_phase4_14_09/old /result/ivb_pipeline_outputs/filtered_peptide_less_150aa/csv_neuroPIpred_results/Modified_tardigrade_friendly/final_annotation_merged/final_annotation_master.tsv	final_annotation_master.tsv	0.004	2025-09-18 00:10:36.309513	general_annotation
/media/saji/5E06441D0643F5152/phase_4/final_phase4_14_09/old /result/ivb_pipeline_outputs/filtered_peptide_less_150aa/csv_neuroPIpred_results/Modified_tardigrade_friendly/final_annotation_merged/final_annotation_osmotic.tsv	final_annotation_osmotic.tsv	0	2025-09-18 00:10:36.298513	general_annotation
/media/saji/5E06441D0643F5152/phase_4/final_phase4_14_09/old /result/ivb_pipeline_outputs/filtered_peptide_less_150aa/csv_neuroPIpred_results/Modified_tardigrade_friendly/final_annotation_merged/final_annotation_uv.tsv	final_annotation_uv.tsv	0.001	2025-09-18 00:10:36.303513	general_annotation
/media/saji/5E06441D0643F5152/phase_4/final_phase4_14_09/old /result/ivb_pipeline_outputs/filtered_peptide_less_150aa/csv_neuroPIpred_results/Modified_tardigrade_friendly/neuroPIpred_processed/final_neuropeptide_master_annotation.tsv	final_neuropeptide_master_annotation.tsv	0.006	2025-09-19 14:49:48.605543	general_annotation
/media/saji/5E06441D0643F5152/phase_4/final_phase4_14_09/old /result/final_neuropeptide_master_annotation_17.tsv	final_neuropeptide_master_annotation_17.tsv	0.005	2025-09-19 15:02:37.478946	general_annotation
/media/saji/5E06441D0643F5152/phase_4/final_phase4_14_09/result/old_mthod/phase4b/phase4b_map_and_reg/old_new2/final_phase4b_functional_summary_CLEAN.tsv	final_phase4b_functional_summary_CLEAN.tsv	0.597	2025-10-14 10:22:01.284631	general_annotation
/media/saji/5E06441D0643F5152/phase_4/final_phase4_14_09/result/phase4b/old_phase4b/phase4b_map_and_reg/old_new2/final_phase4b_functional_summary_CLEAN.tsv	final_phase4b_functional_summary_CLEAN.tsv	0.597	2025-10-14 10:22:01.284631	general_annotation
/media/saji/5E06441D0643F5152/phase_4/final_phase4_14_09/result/old_mthod/phase4b/phase4b_map_and_reg/final_phase4b_functional_summary_FULL.tsv	final_phase4b_functional_summary_FULL.tsv	0.607	2025-10-14 14:02:26.556834	general_annotation
/media/saji/5E06441D0643F5152/phase_4/final_phase4_14_09/result/old_mthod/phase4b/phase4b_map_and_reg/old_new2/final_phase4b_functional_summary_FULL.tsv	final_phase4b_functional_summary_FULL.tsv	0.508	2025-10-14 10:44:06.05956	general_annotation
/media/saji/5E06441D0643F5152/phase_4/final_phase4_14_09/result/phase4b/old_phase4b/phase4b_map_and_reg/final_phase4b_functional_summary_FULL.tsv	final_phase4b_functional_summary_FULL.tsv	0.607	2025-10-14 14:02:26.556834	general_annotation
/media/saji/5E06441D0643F5152/phase_4/final_phase4_14_09/result/phase4b/old_phase4b/phase4b_map_and_reg/old_new2/final_phase4b_functional_summary_FULL.tsv	final_phase4b_functional_summary_FULL.tsv	0.508	2025-10-14 10:44:06.05956	general_annotation
/media/saji/5E06441D0643F5152/phase_4/final_phase4_14_09/result/old_mthod/phase4b/phase4b_map_and_reg/final_phase4b_functional_summary_SHORT.tsv	final_phase4b_functional_summary_SHORT.tsv	0.431	2025-10-14 14:02:28.992825	general_annotation
/media/saji/5E06441D0643F5152/phase_4/final_phase4_14_09/result/old_mthod/phase4b/phase4b_map_and_reg/old_new2/final_phase4b_functional_summary_SHORT.tsv	final_phase4b_functional_summary_SHORT.tsv	0.117	2025-10-14 10:44:07.108555	general_annotation
/media/saji/5E06441D0643F5152/phase_4/final_phase4_14_09/result/phase4b/old_phase4b/phase4b_map_and_reg/final_phase4b_functional_summary_SHORT.tsv	final_phase4b_functional_summary_SHORT.tsv	0.431	2025-10-14 14:02:28.992825	general_annotation
/media/saji/5E06441D0643F5152/phase_4/final_phase4_14_09/result/phase4b/old_phase4b/phase4b_map_and_reg/old_new2/final_phase4b_functional_summary_SHORT.tsv	final_phase4b_functional_summary_SHORT.tsv	0.117	2025-10-14 10:44:07.108555	general_annotation
/media/saji/5E06441D0643F5152/phase_4/final_phase4_14_09/result/old_mthod/phase4b/phase4b_map_and_reg/old_new2/final_phase4b_functional_summary_SHORTLIST.tsv	final_phase4b_functional_summary_SHORTLIST.tsv	0.449	2025-10-14 10:25:26.285825	general_annotation
/media/saji/5E06441D0643F5152/phase_4/final_phase4_14_09/result/phase4b/old_phase4b/phase4b_map_and_reg/old_new2/final_phase4b_functional_summary_SHORTLIST.tsv	final_phase4b_functional_summary_SHORTLIST.tsv	0.449	2025-10-14 10:25:26.285825	general_annotation
/media/saji/5E06441D0643F5152/phase_4/final_phase4_14_09/result/cross_mapping_braker_NCBI/limma_annotation.sh	limma_annotation.sh	0.004	2025-11-01 22:37:27.498511	general_annotation
/media/saji/5E06441D0643F5152/phase_4/app_windows/NeuropeptideApp_wini38632/R/library/mgcv/help/linear.functional.terms.html	linear.functional.terms.html	0	2022-03-10 09:46:12	general_annotation
/media/saji/5E06441D0643F5152/phase_4/app_windows/NeuropeptideApp_wini38632/R/library/mgcv/html/linear.functional.terms.html	linear.functional.terms.html	0.01	2022-03-10 09:46:12	general_annotation
/media/saji/5E06441D0643F5152/phase_4/final_phase4_14_09/old /result/ivb_pipeline_outputs_all_peptides/final_result/master_annotation_table.tsv	master_annotation_table.tsv	1.005	2025-09-20 02:36:26.058514	general_annotation
/media/saji/5E06441D0643F5152/phase_4/final_phase4_14_09/old /result/ivb_pipeline_outputs_all_peptides/master_annotation_table.tsv	master_annotation_table.tsv	1.005	2025-09-20 02:36:26.058514	general_annotation
/media/saji/5E06441D0643F5152/phase_4/final_phase4_14_09/old /result/ivb_pipeline_outputs_all_peptides/neuropeptide_from_master_annotation.xlsx	neuropeptide_from_master_annotation.xlsx	0.035	2025-09-21 22:34:59	general_annotation
/media/saji/5E06441D0643F5152/phase_4/final_phase4_14_09/old /result/ivb_pipeline_outputs/neuropeptides_desiccation_annotation_merged.tsv	neuropeptides_desiccation_annotation_merged.tsv	0	2025-09-17 11:08:00.576385	general_annotation
/media/saji/5E06441D0643F5152/phase_4/final_phase4_14_09/old /result/ivb_pipeline_outputs/filtered_peptide_less_150aa/neuroPIpred_fasta/neuropeptides_desiccation_for_annotation.fa	neuropeptides_desiccation_for_annotation.fa	0.001	2025-09-17 23:38:19.033913	general_annotation
/media/saji/5E06441D0643F5152/phase_4/final_phase4_14_09/old /result/ivb_pipeline_outputs/neuropeptides_gamma_annotation_merged.tsv	neuropeptides_gamma_annotation_merged.tsv	0	2025-09-17 11:08:00.580385	general_annotation
/media/saji/5E06441D0643F5152/phase_4/final_phase4_14_09/old /result/ivb_pipeline_outputs/filtered_peptide_less_150aa/neuroPIpred_fasta/neuropeptides_gamma_for_annotation.fa	neuropeptides_gamma_for_annotation.fa	0	2025-09-17 23:38:19.035913	general_annotation
/media/saji/5E06441D0643F5152/phase_4/final_phase4_14_09/old /result/ivb_pipeline_outputs/neuropeptides_ht_annotation_merged.tsv	neuropeptides_ht_annotation_merged.tsv	0	2025-09-17 11:08:00.583385	general_annotation
/media/saji/5E06441D0643F5152/phase_4/final_phase4_14_09/old /result/ivb_pipeline_outputs/filtered_peptide_less_150aa/neuroPIpred_fasta/neuropeptides_ht_for_annotation.fa	neuropeptides_ht_for_annotation.fa	0	2025-09-17 23:38:19.036913	general_annotation
/media/saji/5E06441D0643F5152/phase_4/final_phase4_14_09/old /result/ivb_pipeline_outputs/neuropeptides_lt_annotation_merged.tsv	neuropeptides_lt_annotation_merged.tsv	0	2025-09-17 11:08:00.589385	general_annotation
/media/saji/5E06441D0643F5152/phase_4/final_phase4_14_09/old /result/ivb_pipeline_outputs/filtered_peptide_less_150aa/neuroPIpred_fasta/neuropeptides_lt_for_annotation.fa	neuropeptides_lt_for_annotation.fa	0.001	2025-09-17 23:38:19.037913	general_annotation
/media/saji/5E06441D0643F5152/phase_4/final_phase4_14_09/old /result/ivb_pipeline_outputs/neuropeptides_master_annotation_merged.tsv	neuropeptides_master_annotation_merged.tsv	0.022	2025-09-17 11:08:00.549385	general_annotation
/media/saji/5E06441D0643F5152/phase_4/final_phase4_14_09/old /result/ivb_pipeline_outputs/filtered_peptide_less_150aa/neuroPIpred_fasta/neuropeptides_master_for_annotation.fa	neuropeptides_master_for_annotation.fa	0.004	2025-09-17 23:38:19.053913	general_annotation
/media/saji/5E06441D0643F5152/phase_4/final_phase4_14_09/old /result/ivb_pipeline_outputs/neuropeptides_osmotic_annotation_merged.tsv	neuropeptides_osmotic_annotation_merged.tsv	0	2025-09-17 11:08:00.594385	general_annotation
/media/saji/5E06441D0643F5152/phase_4/final_phase4_14_09/old /result/ivb_pipeline_outputs/neuropeptides_uv_annotation_merged.tsv	neuropeptides_uv_annotation_merged.tsv	0	2025-09-17 11:08:00.599385	general_annotation
/media/saji/5E06441D0643F5152/phase_4/final_phase4_14_09/old /result/ivb_pipeline_outputs/filtered_peptide_less_150aa/neuroPIpred_fasta/neuropeptides_uv_for_annotation.fa	neuropeptides_uv_for_annotation.fa	0	2025-09-17 23:38:19.038913	general_annotation
/media/saji/5E06441D0643F5152/phase_4/final_phase4_14_09/result/old_mthod/phase4b/phase4b_map_and_reg/old_new/phase4b_annotation_summary.tsv	phase4b_annotation_summary.tsv	0	2025-10-13 23:59:16.734865	general_annotation
/media/saji/5E06441D0643F5152/phase_4/final_phase4_14_09/result/old_mthod/phase4b/phase4b_map_and_reg/phase4b_annotation_summary.tsv	phase4b_annotation_summary.tsv	0	2025-10-14 12:58:09.744643	general_annotation
/media/saji/5E06441D0643F5152/phase_4/final_phase4_14_09/result/phase4b/old_phase4b/phase4b_map_and_reg/old_new/phase4b_annotation_summary.tsv	phase4b_annotation_summary.tsv	0	2025-10-13 23:59:16.734865	general_annotation
/media/saji/5E06441D0643F5152/phase_4/final_phase4_14_09/result/phase4b/old_phase4b/phase4b_map_and_reg/phase4b_annotation_summary.tsv	phase4b_annotation_summary.tsv	0	2025-10-14 12:58:09.744643	general_annotation
/media/saji/5E06441D0643F5152/phase_4/final_phase4_14_09/result/old_mthod/phase4b/phase4b_map_and_reg/phase4b_master_functional_summary_extended_qc_summary.tsv	phase4b_master_functional_summary_extended_qc_summary.tsv	0	2025-10-14 03:38:59.360004	general_annotation
/media/saji/5E06441D0643F5152/phase_4/final_phase4_14_09/result/phase4b/old_phase4b/phase4b_map_and_reg/phase4b_master_functional_summary_extended_qc_summary.tsv	phase4b_master_functional_summary_extended_qc_summary.tsv	0	2025-10-14 03:38:59.360004	general_annotation
/media/saji/5E06441D0643F5152/phase_4/final_phase4_14_09/result/old_mthod/phase4b/phase4b_map_and_reg/old_new/phase4b_unified_annotation.tsv	phase4b_unified_annotation.tsv	0.618	2025-10-13 23:59:16.718144	general_annotation
/media/saji/5E06441D0643F5152/phase_4/final_phase4_14_09/result/old_mthod/phase4b/phase4b_map_and_reg/phase4b_unified_annotation.tsv	phase4b_unified_annotation.tsv	0.618	2025-10-14 12:58:09.723644	general_annotation
/media/saji/5E06441D0643F5152/phase_4/final_phase4_14_09/result/phase4b/old_phase4b/phase4b_map_and_reg/old_new/phase4b_unified_annotation.tsv	phase4b_unified_annotation.tsv	0.618	2025-10-13 23:59:16.718144	general_annotation
/media/saji/5E06441D0643F5152/phase_4/final_phase4_14_09/result/phase4b/old_phase4b/phase4b_map_and_reg/phase4b_unified_annotation.tsv	phase4b_unified_annotation.tsv	0.618	2025-10-14 12:58:09.723644	general_annotation
/media/saji/5E06441D0643F5152/FSF_SIGNAL_STRATIFICATION/results/real_data/stable_signal_annotation/stable_signal_annotation_master.tsv	stable_signal_annotation_master.tsv	8.544	2026-06-06 02:52:40.952438	general_annotation
/media/saji/5E06441D0643F5152/phase_4/final_phase4_14_09/result/old_mthod/phase4b/phase4b_map_and_reg/old_old/unified_annotation_table.csv	unified_annotation_table.csv	0.578	2025-10-13 23:08:11.238932	general_annotation
/media/saji/5E06441D0643F5152/phase_4/final_phase4_14_09/result/phase4b/old_phase4b/phase4b_map_and_reg/old_old/unified_annotation_table.csv	unified_annotation_table.csv	0.578	2025-10-13 23:08:11.238932	general_annotation
/media/saji/5E06441D0643F5152/phase_4/final_phase4_14_09/result/annotation_unified_SHORTLISTED/backup/unified_annotations_SHORTLISTED.csv	unified_annotations_SHORTLISTED.csv	0.626	2025-10-20 17:49:06.871065	general_annotation
/media/saji/5E06441D0643F5152/phase_4/final_phase4_14_09/result/annotation_unified_SHORTLISTED/unified_annotations_SHORTLISTED.csv	unified_annotations_SHORTLISTED.csv	17.66	2025-10-20 19:22:04.455766	general_annotation
