feature_id	instability_count	instability_conditions	mean_SSI	mean_stability_deviation	max_stability_deviation	is_des	is_uv	is_gam	is_lt	is_ht	is_osm	instability_category
RvY_12749-1	4	des;gam;lt;uv	0.6339285714285714	0.36607142857142855	0.625	TRUE	TRUE	TRUE	TRUE	FALSE	FALSE	multi_condition_instable
RvY_04545	4	des;gam;lt;uv	0.6458333333333334	0.3541666666666667	0.625	TRUE	TRUE	TRUE	TRUE	FALSE	FALSE	multi_condition_instable
RvY_01281-1	4	des;gam;lt;uv	0.6547619047619048	0.34523809523809523	0.5714285714285714	TRUE	TRUE	TRUE	TRUE	FALSE	FALSE	multi_condition_instable
RvY_01414-1	4	des;gam;lt;uv	0.6547619047619048	0.34523809523809523	0.5714285714285714	TRUE	TRUE	TRUE	TRUE	FALSE	FALSE	multi_condition_instable
RvY_17399-1	4	des;gam;lt;uv	0.6547619047619048	0.34523809523809523	0.5714285714285714	TRUE	TRUE	TRUE	TRUE	FALSE	FALSE	multi_condition_instable
RvY_00530-1	4	des;gam;lt;uv	0.6666666666666666	0.3333333333333333	0.5	TRUE	TRUE	TRUE	TRUE	FALSE	FALSE	multi_condition_instable
RvY_00920-1	4	des;gam;lt;uv	0.6666666666666666	0.3333333333333333	0.5	TRUE	TRUE	TRUE	TRUE	FALSE	FALSE	multi_condition_instable
RvY_03479-1	4	des;gam;lt;uv	0.6666666666666666	0.3333333333333333	0.5	TRUE	TRUE	TRUE	TRUE	FALSE	FALSE	multi_condition_instable
RvY_10534-1	4	des;gam;lt;uv	0.6666666666666666	0.3333333333333333	0.5	TRUE	TRUE	TRUE	TRUE	FALSE	FALSE	multi_condition_instable
RvY_12430-1	4	des;gam;lt;uv	0.6666666666666666	0.3333333333333333	0.5	TRUE	TRUE	TRUE	TRUE	FALSE	FALSE	multi_condition_instable
RvY_14354-1	4	des;gam;lt;uv	0.6666666666666666	0.3333333333333333	0.5	TRUE	TRUE	TRUE	TRUE	FALSE	FALSE	multi_condition_instable
RvY_14745-1	4	des;gam;lt;uv	0.6666666666666666	0.3333333333333333	0.5	TRUE	TRUE	TRUE	TRUE	FALSE	FALSE	multi_condition_instable
RvY_14797	4	des;gam;lt;uv	0.6666666666666666	0.3333333333333333	0.5	TRUE	TRUE	TRUE	TRUE	FALSE	FALSE	multi_condition_instable
RvY_17295-1	4	des;gam;lt;uv	0.6666666666666666	0.3333333333333333	0.5	TRUE	TRUE	TRUE	TRUE	FALSE	FALSE	multi_condition_instable
RvY_18307-1	4	des;gam;lt;uv	0.6666666666666666	0.3333333333333333	0.5	TRUE	TRUE	TRUE	TRUE	FALSE	FALSE	multi_condition_instable
RvY_01462-1	4	des;gam;lt;uv	0.6785714285714286	0.32142857142857145	0.5	TRUE	TRUE	TRUE	TRUE	FALSE	FALSE	multi_condition_instable
RvY_02629-1	4	des;gam;lt;uv	0.6785714285714286	0.32142857142857145	0.5	TRUE	TRUE	TRUE	TRUE	FALSE	FALSE	multi_condition_instable
RvY_02642	4	des;gam;lt;uv	0.6785714285714286	0.32142857142857145	0.5	TRUE	TRUE	TRUE	TRUE	FALSE	FALSE	multi_condition_instable
RvY_03017-1	4	des;gam;lt;uv	0.6785714285714286	0.32142857142857145	0.5	TRUE	TRUE	TRUE	TRUE	FALSE	FALSE	multi_condition_instable
RvY_03967-1	4	des;gam;lt;uv	0.6785714285714286	0.32142857142857145	0.5	TRUE	TRUE	TRUE	TRUE	FALSE	FALSE	multi_condition_instable
RvY_03969-1	4	des;gam;lt;uv	0.6785714285714286	0.32142857142857145	0.5	TRUE	TRUE	TRUE	TRUE	FALSE	FALSE	multi_condition_instable
RvY_04386-1	4	des;gam;lt;uv	0.6785714285714286	0.32142857142857145	0.5	TRUE	TRUE	TRUE	TRUE	FALSE	FALSE	multi_condition_instable
RvY_04760	4	des;gam;lt;uv	0.6785714285714286	0.32142857142857145	0.5	TRUE	TRUE	TRUE	TRUE	FALSE	FALSE	multi_condition_instable
RvY_07044-1	4	des;gam;lt;uv	0.6785714285714286	0.32142857142857145	0.5	TRUE	TRUE	TRUE	TRUE	FALSE	FALSE	multi_condition_instable
RvY_07384-1	4	des;gam;lt;uv	0.6785714285714286	0.32142857142857145	0.5	TRUE	TRUE	TRUE	TRUE	FALSE	FALSE	multi_condition_instable
RvY_08233-1	4	des;gam;lt;uv	0.6785714285714286	0.32142857142857145	0.5	TRUE	TRUE	TRUE	TRUE	FALSE	FALSE	multi_condition_instable
RvY_10292-1	4	des;gam;lt;uv	0.6785714285714286	0.32142857142857145	0.5	TRUE	TRUE	TRUE	TRUE	FALSE	FALSE	multi_condition_instable
RvY_10963-1	4	des;gam;lt;uv	0.6785714285714286	0.32142857142857145	0.5	TRUE	TRUE	TRUE	TRUE	FALSE	FALSE	multi_condition_instable
RvY_11974-1	4	des;gam;lt;uv	0.6785714285714286	0.32142857142857145	0.5	TRUE	TRUE	TRUE	TRUE	FALSE	FALSE	multi_condition_instable
RvY_12866-1	4	des;gam;lt;uv	0.6785714285714286	0.32142857142857145	0.5	TRUE	TRUE	TRUE	TRUE	FALSE	FALSE	multi_condition_instable
RvY_15022-1	4	des;gam;lt;uv	0.6785714285714286	0.32142857142857145	0.5	TRUE	TRUE	TRUE	TRUE	FALSE	FALSE	multi_condition_instable
RvY_16173-1	4	des;gam;lt;uv	0.6785714285714286	0.32142857142857145	0.5	TRUE	TRUE	TRUE	TRUE	FALSE	FALSE	multi_condition_instable
RvY_19351-1	4	des;gam;lt;uv	0.6785714285714286	0.32142857142857145	0.5	TRUE	TRUE	TRUE	TRUE	FALSE	FALSE	multi_condition_instable
RvY_19365-1	4	des;gam;lt;uv	0.6785714285714286	0.32142857142857145	0.5	TRUE	TRUE	TRUE	TRUE	FALSE	FALSE	multi_condition_instable
RvY_12383-1	3	des;lt;uv	0.6636904761904762	0.3363095238095238	0.6428571428571428	TRUE	TRUE	FALSE	TRUE	FALSE	FALSE	multi_condition_instable
RvY_09536-1	3	des;gam;lt	0.6696428571428572	0.33035714285714285	0.625	TRUE	FALSE	TRUE	TRUE	FALSE	FALSE	multi_condition_instable
RvY_01084-1	3	des;lt;uv	0.6755952380952381	0.3244047619047619	0.5714285714285714	TRUE	TRUE	FALSE	TRUE	FALSE	FALSE	multi_condition_instable
RvY_01700-1	3	des;lt;uv	0.6755952380952381	0.3244047619047619	0.5714285714285714	TRUE	TRUE	FALSE	TRUE	FALSE	FALSE	multi_condition_instable
RvY_04041-1	3	des;lt;uv	0.6755952380952381	0.3244047619047619	0.5714285714285714	TRUE	TRUE	FALSE	TRUE	FALSE	FALSE	multi_condition_instable
RvY_09765-1	3	des;lt;uv	0.6755952380952381	0.3244047619047619	0.5714285714285714	TRUE	TRUE	FALSE	TRUE	FALSE	FALSE	multi_condition_instable
RvY_09872-1	3	des;lt;uv	0.6755952380952381	0.3244047619047619	0.5714285714285714	TRUE	TRUE	FALSE	TRUE	FALSE	FALSE	multi_condition_instable
RvY_19039	3	des;lt;uv	0.6755952380952381	0.3244047619047619	0.5714285714285714	TRUE	TRUE	FALSE	TRUE	FALSE	FALSE	multi_condition_instable
RvY_18042	3	des;lt;uv	0.6845238095238095	0.31547619047619047	0.6428571428571428	TRUE	TRUE	FALSE	TRUE	FALSE	FALSE	multi_condition_instable
RvY_00641-1	3	des;lt;uv	0.6875	0.3125	0.5	TRUE	TRUE	FALSE	TRUE	FALSE	FALSE	multi_condition_instable
RvY_00962-1	3	des;lt;uv	0.6875	0.3125	0.5	TRUE	TRUE	FALSE	TRUE	FALSE	FALSE	multi_condition_instable
RvY_00973-1	3	des;lt;uv	0.6875	0.3125	0.5	TRUE	TRUE	FALSE	TRUE	FALSE	FALSE	multi_condition_instable
RvY_02959-1	3	des;lt;uv	0.6875	0.3125	0.5	TRUE	TRUE	FALSE	TRUE	FALSE	FALSE	multi_condition_instable
RvY_05208-1	3	des;lt;uv	0.6875	0.3125	0.5	TRUE	TRUE	FALSE	TRUE	FALSE	FALSE	multi_condition_instable
RvY_05501	3	des;lt;uv	0.6875	0.3125	0.5	TRUE	TRUE	FALSE	TRUE	FALSE	FALSE	multi_condition_instable
RvY_07093	3	des;lt;uv	0.6875	0.3125	0.5	TRUE	TRUE	FALSE	TRUE	FALSE	FALSE	multi_condition_instable
RvY_07136-1	3	des;lt;uv	0.6875	0.3125	0.5	TRUE	TRUE	FALSE	TRUE	FALSE	FALSE	multi_condition_instable
RvY_08542	3	des;lt;uv	0.6875	0.3125	0.5	TRUE	TRUE	FALSE	TRUE	FALSE	FALSE	multi_condition_instable
RvY_08915	3	des;lt;uv	0.6875	0.3125	0.5	TRUE	TRUE	FALSE	TRUE	FALSE	FALSE	multi_condition_instable
RvY_09773-1	3	des;lt;uv	0.6875	0.3125	0.5	TRUE	TRUE	FALSE	TRUE	FALSE	FALSE	multi_condition_instable
RvY_14845-1	3	des;lt;uv	0.6875	0.3125	0.5	TRUE	TRUE	FALSE	TRUE	FALSE	FALSE	multi_condition_instable
RvY_16065-1	3	des;lt;uv	0.6875	0.3125	0.5	TRUE	TRUE	FALSE	TRUE	FALSE	FALSE	multi_condition_instable
RvY_19360-1	3	des;lt;uv	0.6875	0.3125	0.5	TRUE	TRUE	FALSE	TRUE	FALSE	FALSE	multi_condition_instable
RvY_00400-1	3	des;gam;lt	0.6904761904761905	0.30952380952380953	0.5	TRUE	FALSE	TRUE	TRUE	FALSE	FALSE	multi_condition_instable
RvY_01223-1	3	des;gam;lt	0.6904761904761905	0.30952380952380953	0.5	TRUE	FALSE	TRUE	TRUE	FALSE	FALSE	multi_condition_instable
RvY_03425-1	3	des;gam;lt	0.6904761904761905	0.30952380952380953	0.5	TRUE	FALSE	TRUE	TRUE	FALSE	FALSE	multi_condition_instable
RvY_04899-1	3	des;gam;lt	0.6904761904761905	0.30952380952380953	0.5	TRUE	FALSE	TRUE	TRUE	FALSE	FALSE	multi_condition_instable
RvY_07268-1	3	des;gam;lt	0.6904761904761905	0.30952380952380953	0.5	TRUE	FALSE	TRUE	TRUE	FALSE	FALSE	multi_condition_instable
RvY_12877-1	3	des;gam;lt	0.6904761904761905	0.30952380952380953	0.5	TRUE	FALSE	TRUE	TRUE	FALSE	FALSE	multi_condition_instable
RvY_14940-1	3	des;gam;lt	0.6904761904761905	0.30952380952380953	0.5	TRUE	FALSE	TRUE	TRUE	FALSE	FALSE	multi_condition_instable
RvY_15307-1	3	des;gam;lt	0.6904761904761905	0.30952380952380953	0.5	TRUE	FALSE	TRUE	TRUE	FALSE	FALSE	multi_condition_instable
RvY_18019-1	3	des;gam;lt	0.6904761904761905	0.30952380952380953	0.5	TRUE	FALSE	TRUE	TRUE	FALSE	FALSE	multi_condition_instable
RvY_18662-1	3	des;gam;lt	0.6904761904761905	0.30952380952380953	0.5	TRUE	FALSE	TRUE	TRUE	FALSE	FALSE	multi_condition_instable
RvY_04898-1	3	des;gam;lt	0.6934523809523809	0.30654761904761907	0.625	TRUE	FALSE	TRUE	TRUE	FALSE	FALSE	multi_condition_instable
RvY_15912-1	3	des;gam;lt	0.6934523809523809	0.30654761904761907	0.625	TRUE	FALSE	TRUE	TRUE	FALSE	FALSE	multi_condition_instable
RvY_17139-4	3	des;gam;lt	0.6934523809523809	0.30654761904761907	0.625	TRUE	FALSE	TRUE	TRUE	FALSE	FALSE	multi_condition_instable
RvY_02792	3	des;lt;uv	0.6964285714285714	0.30357142857142855	0.5714285714285714	TRUE	TRUE	FALSE	TRUE	FALSE	FALSE	multi_condition_instable
RvY_03733-1	3	des;lt;uv	0.6964285714285714	0.30357142857142855	0.5714285714285714	TRUE	TRUE	FALSE	TRUE	FALSE	FALSE	multi_condition_instable
RvY_07363	3	des;lt;uv	0.6964285714285714	0.30357142857142855	0.5714285714285714	TRUE	TRUE	FALSE	TRUE	FALSE	FALSE	multi_condition_instable
RvY_11066	3	des;lt;uv	0.6964285714285714	0.30357142857142855	0.5714285714285714	TRUE	TRUE	FALSE	TRUE	FALSE	FALSE	multi_condition_instable
RvY_12413-1	3	des;lt;uv	0.6964285714285714	0.30357142857142855	0.5714285714285714	TRUE	TRUE	FALSE	TRUE	FALSE	FALSE	multi_condition_instable
RvY_13187-1	3	des;lt;uv	0.6964285714285714	0.30357142857142855	0.5714285714285714	TRUE	TRUE	FALSE	TRUE	FALSE	FALSE	multi_condition_instable
RvY_14556-1	3	des;lt;uv	0.6964285714285714	0.30357142857142855	0.5714285714285714	TRUE	TRUE	FALSE	TRUE	FALSE	FALSE	multi_condition_instable
RvY_15115-1	3	des;lt;uv	0.6964285714285714	0.30357142857142855	0.5714285714285714	TRUE	TRUE	FALSE	TRUE	FALSE	FALSE	multi_condition_instable
RvY_17309-1	3	des;lt;uv	0.6964285714285714	0.30357142857142855	0.5714285714285714	TRUE	TRUE	FALSE	TRUE	FALSE	FALSE	multi_condition_instable
RvY_00326-1	3	des;lt;uv	0.6994047619047619	0.3005952380952381	0.5	TRUE	TRUE	FALSE	TRUE	FALSE	FALSE	multi_condition_instable
RvY_02731	3	des;lt;uv	0.6994047619047619	0.3005952380952381	0.5	TRUE	TRUE	FALSE	TRUE	FALSE	FALSE	multi_condition_instable
RvY_02809-1	3	des;lt;uv	0.6994047619047619	0.3005952380952381	0.5	TRUE	TRUE	FALSE	TRUE	FALSE	FALSE	multi_condition_instable
RvY_06965-1	3	des;lt;uv	0.6994047619047619	0.3005952380952381	0.5	TRUE	TRUE	FALSE	TRUE	FALSE	FALSE	multi_condition_instable
RvY_07508-1	3	des;lt;uv	0.6994047619047619	0.3005952380952381	0.5	TRUE	TRUE	FALSE	TRUE	FALSE	FALSE	multi_condition_instable
RvY_07951-1	3	des;lt;uv	0.6994047619047619	0.3005952380952381	0.5	TRUE	TRUE	FALSE	TRUE	FALSE	FALSE	multi_condition_instable
RvY_08543-1	3	des;lt;uv	0.6994047619047619	0.3005952380952381	0.5	TRUE	TRUE	FALSE	TRUE	FALSE	FALSE	multi_condition_instable
RvY_09431-1	3	des;lt;uv	0.6994047619047619	0.3005952380952381	0.5	TRUE	TRUE	FALSE	TRUE	FALSE	FALSE	multi_condition_instable
RvY_09605	3	des;lt;uv	0.6994047619047619	0.3005952380952381	0.5	TRUE	TRUE	FALSE	TRUE	FALSE	FALSE	multi_condition_instable
RvY_10230	3	des;lt;uv	0.6994047619047619	0.3005952380952381	0.5	TRUE	TRUE	FALSE	TRUE	FALSE	FALSE	multi_condition_instable
RvY_12455-1	3	des;lt;uv	0.6994047619047619	0.3005952380952381	0.5	TRUE	TRUE	FALSE	TRUE	FALSE	FALSE	multi_condition_instable
RvY_15402	3	des;lt;uv	0.6994047619047619	0.3005952380952381	0.5	TRUE	TRUE	FALSE	TRUE	FALSE	FALSE	multi_condition_instable
RvY_17140	3	des;lt;uv	0.6994047619047619	0.3005952380952381	0.5	TRUE	TRUE	FALSE	TRUE	FALSE	FALSE	multi_condition_instable
RvY_17686-1	3	des;lt;uv	0.6994047619047619	0.3005952380952381	0.5	TRUE	TRUE	FALSE	TRUE	FALSE	FALSE	multi_condition_instable
RvY_18847-1	3	des;lt;uv	0.6994047619047619	0.3005952380952381	0.5	TRUE	TRUE	FALSE	TRUE	FALSE	FALSE	multi_condition_instable
RvY_19006	3	des;lt;uv	0.6994047619047619	0.3005952380952381	0.5	TRUE	TRUE	FALSE	TRUE	FALSE	FALSE	multi_condition_instable
RvY_02601-1	3	des;gam;lt	0.7023809523809523	0.2976190476190476	0.5	TRUE	FALSE	TRUE	TRUE	FALSE	FALSE	multi_condition_instable
RvY_04687-1	3	des;gam;lt	0.7023809523809523	0.2976190476190476	0.5	TRUE	FALSE	TRUE	TRUE	FALSE	FALSE	multi_condition_instable
RvY_05599-1	3	des;gam;lt	0.7023809523809523	0.2976190476190476	0.5	TRUE	FALSE	TRUE	TRUE	FALSE	FALSE	multi_condition_instable
RvY_12380-1	3	des;gam;lt	0.7023809523809523	0.2976190476190476	0.5	TRUE	FALSE	TRUE	TRUE	FALSE	FALSE	multi_condition_instable
RvY_17527-1	3	des;gam;lt	0.7023809523809523	0.2976190476190476	0.5	TRUE	FALSE	TRUE	TRUE	FALSE	FALSE	multi_condition_instable
RvY_18571-1	3	des;gam;lt	0.7023809523809523	0.2976190476190476	0.5	TRUE	FALSE	TRUE	TRUE	FALSE	FALSE	multi_condition_instable
RvY_05949-1	3	des;lt;uv	0.7053571428571429	0.29464285714285715	0.6428571428571428	TRUE	TRUE	FALSE	TRUE	FALSE	FALSE	multi_condition_instable
RvY_18848-1	3	des;lt;uv	0.7053571428571429	0.29464285714285715	0.6428571428571428	TRUE	TRUE	FALSE	TRUE	FALSE	FALSE	multi_condition_instable
RvY_01225-1	3	des;lt;uv	0.7083333333333334	0.2916666666666667	0.5	TRUE	TRUE	FALSE	TRUE	FALSE	FALSE	multi_condition_instable
RvY_02313-1	3	des;lt;uv	0.7083333333333334	0.2916666666666667	0.5	TRUE	TRUE	FALSE	TRUE	FALSE	FALSE	multi_condition_instable
RvY_03243	3	des;lt;uv	0.7083333333333334	0.2916666666666667	0.5	TRUE	TRUE	FALSE	TRUE	FALSE	FALSE	multi_condition_instable
RvY_06794-1	3	des;lt;uv	0.7083333333333334	0.2916666666666667	0.5	TRUE	TRUE	FALSE	TRUE	FALSE	FALSE	multi_condition_instable
RvY_07344-1	3	des;lt;uv	0.7083333333333334	0.2916666666666667	0.5	TRUE	TRUE	FALSE	TRUE	FALSE	FALSE	multi_condition_instable
RvY_07369-1	3	des;lt;uv	0.7083333333333334	0.2916666666666667	0.5	TRUE	TRUE	FALSE	TRUE	FALSE	FALSE	multi_condition_instable
RvY_08416-1	3	des;lt;uv	0.7083333333333334	0.2916666666666667	0.5	TRUE	TRUE	FALSE	TRUE	FALSE	FALSE	multi_condition_instable
RvY_10224-1	3	des;lt;uv	0.7083333333333334	0.2916666666666667	0.5	TRUE	TRUE	FALSE	TRUE	FALSE	FALSE	multi_condition_instable
RvY_15127-1	3	des;lt;uv	0.7083333333333334	0.2916666666666667	0.5	TRUE	TRUE	FALSE	TRUE	FALSE	FALSE	multi_condition_instable
RvY_16654-1	3	des;lt;uv	0.7083333333333334	0.2916666666666667	0.5	TRUE	TRUE	FALSE	TRUE	FALSE	FALSE	multi_condition_instable
RvY_18956-1	3	des;lt;uv	0.7083333333333334	0.2916666666666667	0.5	TRUE	TRUE	FALSE	TRUE	FALSE	FALSE	multi_condition_instable
RvY_18984-1	3	des;lt;uv	0.7083333333333334	0.2916666666666667	0.5	TRUE	TRUE	FALSE	TRUE	FALSE	FALSE	multi_condition_instable
RvY_19664-1	3	des;lt;uv	0.7083333333333334	0.2916666666666667	0.5	TRUE	TRUE	FALSE	TRUE	FALSE	FALSE	multi_condition_instable
RvY_00777-1	3	des;gam;lt	0.7142857142857143	0.2857142857142857	0.5	TRUE	FALSE	TRUE	TRUE	FALSE	FALSE	multi_condition_instable
RvY_00857-1	3	des;gam;lt	0.7142857142857143	0.2857142857142857	0.5	TRUE	FALSE	TRUE	TRUE	FALSE	FALSE	multi_condition_instable
RvY_01427-1	3	des;gam;lt	0.7142857142857143	0.2857142857142857	0.5	TRUE	FALSE	TRUE	TRUE	FALSE	FALSE	multi_condition_instable
RvY_08612-1	3	des;gam;lt	0.7142857142857143	0.2857142857142857	0.5	TRUE	FALSE	TRUE	TRUE	FALSE	FALSE	multi_condition_instable
RvY_08665-1	3	des;gam;lt	0.7142857142857143	0.2857142857142857	0.5	TRUE	FALSE	TRUE	TRUE	FALSE	FALSE	multi_condition_instable
RvY_12429	3	des;gam;lt	0.7142857142857143	0.2857142857142857	0.5	TRUE	FALSE	TRUE	TRUE	FALSE	FALSE	multi_condition_instable
RvY_16412-1	3	des;gam;lt	0.7142857142857143	0.2857142857142857	0.5	TRUE	FALSE	TRUE	TRUE	FALSE	FALSE	multi_condition_instable
RvY_03876	3	des;lt;uv	0.7172619047619048	0.28273809523809523	0.5714285714285714	TRUE	TRUE	FALSE	TRUE	FALSE	FALSE	multi_condition_instable
RvY_05015-1	3	des;lt;uv	0.7172619047619048	0.28273809523809523	0.5714285714285714	TRUE	TRUE	FALSE	TRUE	FALSE	FALSE	multi_condition_instable
RvY_05182-1	3	des;lt;uv	0.7172619047619048	0.28273809523809523	0.5714285714285714	TRUE	TRUE	FALSE	TRUE	FALSE	FALSE	multi_condition_instable
RvY_05334-1	3	des;lt;uv	0.7172619047619048	0.28273809523809523	0.5714285714285714	TRUE	TRUE	FALSE	TRUE	FALSE	FALSE	multi_condition_instable
RvY_14003-1	3	des;lt;uv	0.7172619047619048	0.28273809523809523	0.5714285714285714	TRUE	TRUE	FALSE	TRUE	FALSE	FALSE	multi_condition_instable
RvY_00479-1	3	des;lt;uv	0.7202380952380952	0.27976190476190477	0.5	TRUE	TRUE	FALSE	TRUE	FALSE	FALSE	multi_condition_instable
RvY_00565-1	3	des;lt;uv	0.7202380952380952	0.27976190476190477	0.5	TRUE	TRUE	FALSE	TRUE	FALSE	FALSE	multi_condition_instable
RvY_00631-1	3	des;lt;uv	0.7202380952380952	0.27976190476190477	0.5	TRUE	TRUE	FALSE	TRUE	FALSE	FALSE	multi_condition_instable
RvY_01441	3	des;lt;uv	0.7202380952380952	0.27976190476190477	0.5	TRUE	TRUE	FALSE	TRUE	FALSE	FALSE	multi_condition_instable
RvY_01532-1	3	des;lt;uv	0.7202380952380952	0.27976190476190477	0.5	TRUE	TRUE	FALSE	TRUE	FALSE	FALSE	multi_condition_instable
RvY_02814-1	3	des;lt;uv	0.7202380952380952	0.27976190476190477	0.5	TRUE	TRUE	FALSE	TRUE	FALSE	FALSE	multi_condition_instable
RvY_04767-1	3	des;lt;uv	0.7202380952380952	0.27976190476190477	0.5	TRUE	TRUE	FALSE	TRUE	FALSE	FALSE	multi_condition_instable
RvY_04951-1	3	des;lt;uv	0.7202380952380952	0.27976190476190477	0.5	TRUE	TRUE	FALSE	TRUE	FALSE	FALSE	multi_condition_instable
RvY_05163-1	3	des;lt;uv	0.7202380952380952	0.27976190476190477	0.5	TRUE	TRUE	FALSE	TRUE	FALSE	FALSE	multi_condition_instable
RvY_06201-1	3	des;lt;uv	0.7202380952380952	0.27976190476190477	0.5	TRUE	TRUE	FALSE	TRUE	FALSE	FALSE	multi_condition_instable
RvY_07673-1	3	des;lt;uv	0.7202380952380952	0.27976190476190477	0.5	TRUE	TRUE	FALSE	TRUE	FALSE	FALSE	multi_condition_instable
RvY_09024-1	3	des;lt;uv	0.7202380952380952	0.27976190476190477	0.5	TRUE	TRUE	FALSE	TRUE	FALSE	FALSE	multi_condition_instable
RvY_09520	3	des;lt;uv	0.7202380952380952	0.27976190476190477	0.5	TRUE	TRUE	FALSE	TRUE	FALSE	FALSE	multi_condition_instable
RvY_09837-1	3	des;lt;uv	0.7202380952380952	0.27976190476190477	0.5	TRUE	TRUE	FALSE	TRUE	FALSE	FALSE	multi_condition_instable
RvY_11051-1	3	des;lt;uv	0.7202380952380952	0.27976190476190477	0.5	TRUE	TRUE	FALSE	TRUE	FALSE	FALSE	multi_condition_instable
RvY_11861-1	3	des;lt;uv	0.7202380952380952	0.27976190476190477	0.5	TRUE	TRUE	FALSE	TRUE	FALSE	FALSE	multi_condition_instable
RvY_12724-1	3	des;lt;uv	0.7202380952380952	0.27976190476190477	0.5	TRUE	TRUE	FALSE	TRUE	FALSE	FALSE	multi_condition_instable
RvY_13048-1	3	des;lt;uv	0.7202380952380952	0.27976190476190477	0.5	TRUE	TRUE	FALSE	TRUE	FALSE	FALSE	multi_condition_instable
RvY_15641	3	des;lt;uv	0.7202380952380952	0.27976190476190477	0.5	TRUE	TRUE	FALSE	TRUE	FALSE	FALSE	multi_condition_instable
RvY_16066-1	3	des;lt;uv	0.7202380952380952	0.27976190476190477	0.5	TRUE	TRUE	FALSE	TRUE	FALSE	FALSE	multi_condition_instable
RvY_17362-1	3	des;lt;uv	0.7202380952380952	0.27976190476190477	0.5	TRUE	TRUE	FALSE	TRUE	FALSE	FALSE	multi_condition_instable
RvY_18153-1	3	des;lt;uv	0.7202380952380952	0.27976190476190477	0.5	TRUE	TRUE	FALSE	TRUE	FALSE	FALSE	multi_condition_instable
RvY_18223	3	des;lt;uv	0.7202380952380952	0.27976190476190477	0.5	TRUE	TRUE	FALSE	TRUE	FALSE	FALSE	multi_condition_instable
RvY_14820-1	3	des;gam;lt	0.7261904761904762	0.27380952380952384	0.5	TRUE	FALSE	TRUE	TRUE	FALSE	FALSE	multi_condition_instable
RvY_16015	3	des;gam;lt	0.7261904761904762	0.27380952380952384	0.5	TRUE	FALSE	TRUE	TRUE	FALSE	FALSE	multi_condition_instable
RvY_05202-1	3	des;gam;uv	0.7261904761904762	0.2738095238095238	0.6428571428571428	TRUE	TRUE	TRUE	FALSE	FALSE	FALSE	multi_condition_instable
RvY_11998-1	3	des;lt;uv	0.7261904761904762	0.2738095238095238	0.6428571428571428	TRUE	TRUE	FALSE	TRUE	FALSE	FALSE	multi_condition_instable
RvY_12453	3	des;gam;uv	0.7261904761904762	0.2738095238095238	0.6428571428571428	TRUE	TRUE	TRUE	FALSE	FALSE	FALSE	multi_condition_instable
RvY_15967-1	3	des;lt;uv	0.7261904761904762	0.2738095238095238	0.6428571428571428	TRUE	TRUE	FALSE	TRUE	FALSE	FALSE	multi_condition_instable
RvY_17747	3	des;lt;uv	0.7261904761904762	0.2738095238095238	0.6428571428571428	TRUE	TRUE	FALSE	TRUE	FALSE	FALSE	multi_condition_instable
RvY_18867-1	3	des;gam;uv	0.7261904761904762	0.2738095238095238	0.6428571428571428	TRUE	TRUE	TRUE	FALSE	FALSE	FALSE	multi_condition_instable
RvY_18868	3	des;gam;uv	0.7261904761904762	0.2738095238095238	0.6428571428571428	TRUE	TRUE	TRUE	FALSE	FALSE	FALSE	multi_condition_instable
RvY_00046-1	3	des;lt;uv	0.7291666666666666	0.2708333333333333	0.5	TRUE	TRUE	FALSE	TRUE	FALSE	FALSE	multi_condition_instable
RvY_00074	3	des;lt;uv	0.7291666666666666	0.2708333333333333	0.5	TRUE	TRUE	FALSE	TRUE	FALSE	FALSE	multi_condition_instable
RvY_04097	3	des;lt;uv	0.7291666666666666	0.2708333333333333	0.5	TRUE	TRUE	FALSE	TRUE	FALSE	FALSE	multi_condition_instable
RvY_05550	3	des;gam;uv	0.7291666666666666	0.2708333333333333	0.625	TRUE	TRUE	TRUE	FALSE	FALSE	FALSE	multi_condition_instable
RvY_06170-1	3	des;lt;uv	0.7291666666666666	0.2708333333333333	0.5	TRUE	TRUE	FALSE	TRUE	FALSE	FALSE	multi_condition_instable
RvY_07144-1	3	des;lt;uv	0.7291666666666666	0.2708333333333333	0.5	TRUE	TRUE	FALSE	TRUE	FALSE	FALSE	multi_condition_instable
RvY_07277-1	3	des;lt;uv	0.7291666666666666	0.2708333333333333	0.5	TRUE	TRUE	FALSE	TRUE	FALSE	FALSE	multi_condition_instable
RvY_08871-1	3	des;lt;uv	0.7291666666666666	0.2708333333333333	0.5	TRUE	TRUE	FALSE	TRUE	FALSE	FALSE	multi_condition_instable
RvY_09090-1	3	des;lt;uv	0.7291666666666666	0.2708333333333333	0.5	TRUE	TRUE	FALSE	TRUE	FALSE	FALSE	multi_condition_instable
RvY_09422-1	3	des;lt;uv	0.7291666666666666	0.2708333333333333	0.5	TRUE	TRUE	FALSE	TRUE	FALSE	FALSE	multi_condition_instable
RvY_10065-1	3	des;lt;uv	0.7291666666666666	0.2708333333333333	0.5	TRUE	TRUE	FALSE	TRUE	FALSE	FALSE	multi_condition_instable
RvY_10663-1	3	des;lt;uv	0.7291666666666666	0.2708333333333333	0.5	TRUE	TRUE	FALSE	TRUE	FALSE	FALSE	multi_condition_instable
RvY_12637-1	3	gam;lt;uv	0.7291666666666666	0.2708333333333333	0.625	FALSE	TRUE	TRUE	TRUE	FALSE	FALSE	multi_condition_instable
RvY_13529	3	des;lt;uv	0.7291666666666666	0.2708333333333333	0.5	TRUE	TRUE	FALSE	TRUE	FALSE	FALSE	multi_condition_instable
RvY_15042-1	3	des;lt;uv	0.7291666666666666	0.2708333333333333	0.5	TRUE	TRUE	FALSE	TRUE	FALSE	FALSE	multi_condition_instable
RvY_16060-1	3	des;lt;uv	0.7291666666666666	0.2708333333333333	0.5	TRUE	TRUE	FALSE	TRUE	FALSE	FALSE	multi_condition_instable
RvY_16526-1	3	des;lt;uv	0.7291666666666666	0.2708333333333333	0.5	TRUE	TRUE	FALSE	TRUE	FALSE	FALSE	multi_condition_instable
RvY_17125-1	3	des;lt;uv	0.7291666666666666	0.2708333333333333	0.5	TRUE	TRUE	FALSE	TRUE	FALSE	FALSE	multi_condition_instable
RvY_17967-1	3	des;lt;uv	0.7291666666666666	0.2708333333333333	0.5	TRUE	TRUE	FALSE	TRUE	FALSE	FALSE	multi_condition_instable
RvY_19438-1	3	des;lt;uv	0.7291666666666666	0.2708333333333333	0.5	TRUE	TRUE	FALSE	TRUE	FALSE	FALSE	multi_condition_instable
RvY_00323-1	3	des;gam;uv	0.7380952380952381	0.2619047619047619	0.5714285714285714	TRUE	TRUE	TRUE	FALSE	FALSE	FALSE	multi_condition_instable
RvY_00891-1	3	des;lt;uv	0.7380952380952381	0.2619047619047619	0.5714285714285714	TRUE	TRUE	FALSE	TRUE	FALSE	FALSE	multi_condition_instable
RvY_01282-1	3	des;gam;uv	0.7380952380952381	0.2619047619047619	0.5714285714285714	TRUE	TRUE	TRUE	FALSE	FALSE	FALSE	multi_condition_instable
RvY_01420-1	3	des;gam;uv	0.7380952380952381	0.2619047619047619	0.5714285714285714	TRUE	TRUE	TRUE	FALSE	FALSE	FALSE	multi_condition_instable
RvY_01972-1	3	des;gam;uv	0.7380952380952381	0.2619047619047619	0.5714285714285714	TRUE	TRUE	TRUE	FALSE	FALSE	FALSE	multi_condition_instable
RvY_02192	3	des;gam;uv	0.7380952380952381	0.2619047619047619	0.5714285714285714	TRUE	TRUE	TRUE	FALSE	FALSE	FALSE	multi_condition_instable
RvY_02316	3	des;gam;uv	0.7380952380952381	0.2619047619047619	0.5714285714285714	TRUE	TRUE	TRUE	FALSE	FALSE	FALSE	multi_condition_instable
RvY_02449-1	3	gam;lt;uv	0.7380952380952381	0.2619047619047619	0.5714285714285714	FALSE	TRUE	TRUE	TRUE	FALSE	FALSE	multi_condition_instable
RvY_02612	3	des;lt;uv	0.7380952380952381	0.2619047619047619	0.5714285714285714	TRUE	TRUE	FALSE	TRUE	FALSE	FALSE	multi_condition_instable
RvY_02623-1	3	gam;lt;uv	0.7380952380952381	0.2619047619047619	0.5714285714285714	FALSE	TRUE	TRUE	TRUE	FALSE	FALSE	multi_condition_instable
RvY_02641	3	des;gam;lt	0.7380952380952381	0.2619047619047619	0.5	TRUE	FALSE	TRUE	TRUE	FALSE	FALSE	multi_condition_instable
RvY_03229-1	3	des;gam;uv	0.7380952380952381	0.2619047619047619	0.5714285714285714	TRUE	TRUE	TRUE	FALSE	FALSE	FALSE	multi_condition_instable
RvY_03508-1	3	des;gam;uv	0.7380952380952381	0.2619047619047619	0.5714285714285714	TRUE	TRUE	TRUE	FALSE	FALSE	FALSE	multi_condition_instable
RvY_04106-1	3	des;gam;uv	0.7380952380952381	0.2619047619047619	0.5714285714285714	TRUE	TRUE	TRUE	FALSE	FALSE	FALSE	multi_condition_instable
RvY_04392-1	3	des;lt;uv	0.7380952380952381	0.2619047619047619	0.5714285714285714	TRUE	TRUE	FALSE	TRUE	FALSE	FALSE	multi_condition_instable
RvY_05124-1	3	gam;lt;uv	0.7380952380952381	0.2619047619047619	0.5714285714285714	FALSE	TRUE	TRUE	TRUE	FALSE	FALSE	multi_condition_instable
RvY_07160-1	3	des;gam;uv	0.7380952380952381	0.2619047619047619	0.5714285714285714	TRUE	TRUE	TRUE	FALSE	FALSE	FALSE	multi_condition_instable
RvY_07994	3	des;gam;uv	0.7380952380952381	0.2619047619047619	0.5714285714285714	TRUE	TRUE	TRUE	FALSE	FALSE	FALSE	multi_condition_instable
RvY_08027	3	des;gam;uv	0.7380952380952381	0.2619047619047619	0.5714285714285714	TRUE	TRUE	TRUE	FALSE	FALSE	FALSE	multi_condition_instable
RvY_08077	3	des;gam;uv	0.7380952380952381	0.2619047619047619	0.5714285714285714	TRUE	TRUE	TRUE	FALSE	FALSE	FALSE	multi_condition_instable
RvY_08215-1	3	des;gam;uv	0.7380952380952381	0.2619047619047619	0.5714285714285714	TRUE	TRUE	TRUE	FALSE	FALSE	FALSE	multi_condition_instable
RvY_08237	3	des;gam;uv	0.7380952380952381	0.2619047619047619	0.5714285714285714	TRUE	TRUE	TRUE	FALSE	FALSE	FALSE	multi_condition_instable
RvY_08323-1	3	des;lt;uv	0.7380952380952381	0.2619047619047619	0.5714285714285714	TRUE	TRUE	FALSE	TRUE	FALSE	FALSE	multi_condition_instable
RvY_08490-2	3	gam;lt;uv	0.7380952380952381	0.2619047619047619	0.5714285714285714	FALSE	TRUE	TRUE	TRUE	FALSE	FALSE	multi_condition_instable
RvY_08582-1	3	des;gam;uv	0.7380952380952381	0.2619047619047619	0.5714285714285714	TRUE	TRUE	TRUE	FALSE	FALSE	FALSE	multi_condition_instable
RvY_09596-1	3	des;gam;uv	0.7380952380952381	0.2619047619047619	0.5714285714285714	TRUE	TRUE	TRUE	FALSE	FALSE	FALSE	multi_condition_instable
RvY_10077-1	3	des;gam;uv	0.7380952380952381	0.2619047619047619	0.5714285714285714	TRUE	TRUE	TRUE	FALSE	FALSE	FALSE	multi_condition_instable
RvY_10227-1	3	des;gam;lt	0.7380952380952381	0.2619047619047619	0.5	TRUE	FALSE	TRUE	TRUE	FALSE	FALSE	multi_condition_instable
RvY_10481	3	des;lt;uv	0.7380952380952381	0.2619047619047619	0.5714285714285714	TRUE	TRUE	FALSE	TRUE	FALSE	FALSE	multi_condition_instable
RvY_10599-1	3	gam;lt;uv	0.7380952380952381	0.2619047619047619	0.5714285714285714	FALSE	TRUE	TRUE	TRUE	FALSE	FALSE	multi_condition_instable
RvY_11130-1	3	des;gam;uv	0.7380952380952381	0.2619047619047619	0.5714285714285714	TRUE	TRUE	TRUE	FALSE	FALSE	FALSE	multi_condition_instable
RvY_12267-1	3	des;gam;uv	0.7380952380952381	0.2619047619047619	0.5714285714285714	TRUE	TRUE	TRUE	FALSE	FALSE	FALSE	multi_condition_instable
RvY_13266-1	3	des;gam;uv	0.7380952380952381	0.2619047619047619	0.5714285714285714	TRUE	TRUE	TRUE	FALSE	FALSE	FALSE	multi_condition_instable
RvY_13313	3	des;gam;uv	0.7380952380952381	0.2619047619047619	0.5714285714285714	TRUE	TRUE	TRUE	FALSE	FALSE	FALSE	multi_condition_instable
RvY_13489-1	3	des;gam;uv	0.7380952380952381	0.2619047619047619	0.5714285714285714	TRUE	TRUE	TRUE	FALSE	FALSE	FALSE	multi_condition_instable
RvY_13662-1	3	des;gam;uv	0.7380952380952381	0.2619047619047619	0.5714285714285714	TRUE	TRUE	TRUE	FALSE	FALSE	FALSE	multi_condition_instable
RvY_13683	3	des;gam;uv	0.7380952380952381	0.2619047619047619	0.5714285714285714	TRUE	TRUE	TRUE	FALSE	FALSE	FALSE	multi_condition_instable
RvY_13954	3	des;gam;uv	0.7380952380952381	0.2619047619047619	0.5714285714285714	TRUE	TRUE	TRUE	FALSE	FALSE	FALSE	multi_condition_instable
RvY_14100-1	3	des;gam;uv	0.7380952380952381	0.2619047619047619	0.5714285714285714	TRUE	TRUE	TRUE	FALSE	FALSE	FALSE	multi_condition_instable
RvY_14812-1	3	des;lt;uv	0.7380952380952381	0.2619047619047619	0.5714285714285714	TRUE	TRUE	FALSE	TRUE	FALSE	FALSE	multi_condition_instable
RvY_15135-1	3	des;gam;uv	0.7380952380952381	0.2619047619047619	0.5714285714285714	TRUE	TRUE	TRUE	FALSE	FALSE	FALSE	multi_condition_instable
RvY_15139-1	3	des;lt;uv	0.7380952380952381	0.2619047619047619	0.5714285714285714	TRUE	TRUE	FALSE	TRUE	FALSE	FALSE	multi_condition_instable
RvY_15439-1	3	des;gam;uv	0.7380952380952381	0.2619047619047619	0.5714285714285714	TRUE	TRUE	TRUE	FALSE	FALSE	FALSE	multi_condition_instable
RvY_17672-1	3	des;gam;uv	0.7380952380952381	0.2619047619047619	0.5714285714285714	TRUE	TRUE	TRUE	FALSE	FALSE	FALSE	multi_condition_instable
RvY_18425-1	3	des;gam;uv	0.7380952380952381	0.2619047619047619	0.5714285714285714	TRUE	TRUE	TRUE	FALSE	FALSE	FALSE	multi_condition_instable
RvY_01023	3	des;lt;uv	0.7410714285714286	0.25892857142857145	0.5	TRUE	TRUE	FALSE	TRUE	FALSE	FALSE	multi_condition_instable
RvY_01697-1	3	des;lt;uv	0.7410714285714286	0.25892857142857145	0.5	TRUE	TRUE	FALSE	TRUE	FALSE	FALSE	multi_condition_instable
RvY_02061-1	3	des;gam;uv	0.7410714285714286	0.25892857142857145	0.625	TRUE	TRUE	TRUE	FALSE	FALSE	FALSE	multi_condition_instable
RvY_02389-1	3	des;lt;uv	0.7410714285714286	0.25892857142857145	0.5	TRUE	TRUE	FALSE	TRUE	FALSE	FALSE	multi_condition_instable
RvY_02935-1	3	des;lt;uv	0.7410714285714286	0.25892857142857145	0.5	TRUE	TRUE	FALSE	TRUE	FALSE	FALSE	multi_condition_instable
RvY_03436	3	des;lt;uv	0.7410714285714286	0.25892857142857145	0.5	TRUE	TRUE	FALSE	TRUE	FALSE	FALSE	multi_condition_instable
RvY_03512-1	3	des;lt;uv	0.7410714285714286	0.25892857142857145	0.5	TRUE	TRUE	FALSE	TRUE	FALSE	FALSE	multi_condition_instable
RvY_04421-1	3	des;lt;uv	0.7410714285714286	0.25892857142857145	0.5	TRUE	TRUE	FALSE	TRUE	FALSE	FALSE	multi_condition_instable
RvY_07001-1	3	des;lt;uv	0.7410714285714286	0.25892857142857145	0.5	TRUE	TRUE	FALSE	TRUE	FALSE	FALSE	multi_condition_instable
RvY_08329-1	3	des;gam;uv	0.7410714285714286	0.25892857142857145	0.625	TRUE	TRUE	TRUE	FALSE	FALSE	FALSE	multi_condition_instable
RvY_09345-1	3	des;lt;uv	0.7410714285714286	0.25892857142857145	0.5	TRUE	TRUE	FALSE	TRUE	FALSE	FALSE	multi_condition_instable
RvY_10514-1	3	des;lt;uv	0.7410714285714286	0.25892857142857145	0.5	TRUE	TRUE	FALSE	TRUE	FALSE	FALSE	multi_condition_instable
RvY_13021-1	3	des;lt;uv	0.7410714285714286	0.25892857142857145	0.5	TRUE	TRUE	FALSE	TRUE	FALSE	FALSE	multi_condition_instable
RvY_13645	3	des;lt;uv	0.7410714285714286	0.25892857142857145	0.5	TRUE	TRUE	FALSE	TRUE	FALSE	FALSE	multi_condition_instable
RvY_15368-1	3	des;lt;uv	0.7410714285714286	0.25892857142857145	0.5	TRUE	TRUE	FALSE	TRUE	FALSE	FALSE	multi_condition_instable
RvY_15371-1	3	des;lt;uv	0.7410714285714286	0.25892857142857145	0.5	TRUE	TRUE	FALSE	TRUE	FALSE	FALSE	multi_condition_instable
RvY_16809-1	3	des;lt;uv	0.7410714285714286	0.25892857142857145	0.5	TRUE	TRUE	FALSE	TRUE	FALSE	FALSE	multi_condition_instable
RvY_17692	3	des;gam;uv	0.7410714285714286	0.25892857142857145	0.625	TRUE	TRUE	TRUE	FALSE	FALSE	FALSE	multi_condition_instable
RvY_18016-1	3	des;lt;uv	0.7410714285714286	0.25892857142857145	0.5	TRUE	TRUE	FALSE	TRUE	FALSE	FALSE	multi_condition_instable
RvY_18545-1	3	des;lt;uv	0.7410714285714286	0.25892857142857145	0.5	TRUE	TRUE	FALSE	TRUE	FALSE	FALSE	multi_condition_instable
RvY_18565	3	des;lt;uv	0.7410714285714286	0.25892857142857145	0.5	TRUE	TRUE	FALSE	TRUE	FALSE	FALSE	multi_condition_instable
RvY_00170-1	3	gam;lt;uv	0.75	0.25	0.5	FALSE	TRUE	TRUE	TRUE	FALSE	FALSE	multi_condition_instable
RvY_00650-1	3	gam;lt;uv	0.75	0.25	0.5	FALSE	TRUE	TRUE	TRUE	FALSE	FALSE	multi_condition_instable
RvY_01057	3	des;gam;uv	0.75	0.25	0.5	TRUE	TRUE	TRUE	FALSE	FALSE	FALSE	multi_condition_instable
RvY_01264	3	des;gam;uv	0.75	0.25	0.5	TRUE	TRUE	TRUE	FALSE	FALSE	FALSE	multi_condition_instable
RvY_01754-1	3	des;gam;uv	0.75	0.25	0.5	TRUE	TRUE	TRUE	FALSE	FALSE	FALSE	multi_condition_instable
RvY_01973-1	3	des;gam;uv	0.75	0.25	0.5	TRUE	TRUE	TRUE	FALSE	FALSE	FALSE	multi_condition_instable
RvY_02896-1	3	des;gam;uv	0.75	0.25	0.5	TRUE	TRUE	TRUE	FALSE	FALSE	FALSE	multi_condition_instable
RvY_03764-1	3	des;gam;lt	0.75	0.25	0.5	TRUE	FALSE	TRUE	TRUE	FALSE	FALSE	multi_condition_instable
RvY_03788	3	des;gam;uv	0.75	0.25	0.5	TRUE	TRUE	TRUE	FALSE	FALSE	FALSE	multi_condition_instable
RvY_04200	3	des;gam;lt	0.75	0.25	0.5	TRUE	FALSE	TRUE	TRUE	FALSE	FALSE	multi_condition_instable
RvY_04692-1	3	des;gam;uv	0.75	0.25	0.5	TRUE	TRUE	TRUE	FALSE	FALSE	FALSE	multi_condition_instable
RvY_05424	3	des;gam;uv	0.75	0.25	0.5	TRUE	TRUE	TRUE	FALSE	FALSE	FALSE	multi_condition_instable
RvY_05714-1	3	des;gam;uv	0.75	0.25	0.5	TRUE	TRUE	TRUE	FALSE	FALSE	FALSE	multi_condition_instable
RvY_05718-1	3	des;gam;uv	0.75	0.25	0.5	TRUE	TRUE	TRUE	FALSE	FALSE	FALSE	multi_condition_instable
RvY_05775-1	3	des;gam;uv	0.75	0.25	0.5	TRUE	TRUE	TRUE	FALSE	FALSE	FALSE	multi_condition_instable
RvY_05789-1	3	des;gam;uv	0.75	0.25	0.5	TRUE	TRUE	TRUE	FALSE	FALSE	FALSE	multi_condition_instable
RvY_06011	3	gam;lt;uv	0.75	0.25	0.5	FALSE	TRUE	TRUE	TRUE	FALSE	FALSE	multi_condition_instable
RvY_06020-1	3	des;gam;uv	0.75	0.25	0.5	TRUE	TRUE	TRUE	FALSE	FALSE	FALSE	multi_condition_instable
RvY_06509-1	3	des;gam;uv	0.75	0.25	0.5	TRUE	TRUE	TRUE	FALSE	FALSE	FALSE	multi_condition_instable
RvY_06655-1	3	des;lt;uv	0.75	0.25	0.5	TRUE	TRUE	FALSE	TRUE	FALSE	FALSE	multi_condition_instable
RvY_06663-1	3	des;gam;uv	0.75	0.25	0.5	TRUE	TRUE	TRUE	FALSE	FALSE	FALSE	multi_condition_instable
RvY_07256-1	3	des;gam;uv	0.75	0.25	0.5	TRUE	TRUE	TRUE	FALSE	FALSE	FALSE	multi_condition_instable
RvY_07364-1	3	des;gam;uv	0.75	0.25	0.5	TRUE	TRUE	TRUE	FALSE	FALSE	FALSE	multi_condition_instable
RvY_07395-1	3	des;gam;uv	0.75	0.25	0.5	TRUE	TRUE	TRUE	FALSE	FALSE	FALSE	multi_condition_instable
RvY_07465-1	3	des;lt;uv	0.75	0.25	0.5	TRUE	TRUE	FALSE	TRUE	FALSE	FALSE	multi_condition_instable
RvY_07805-1	3	des;lt;uv	0.75	0.25	0.5	TRUE	TRUE	FALSE	TRUE	FALSE	FALSE	multi_condition_instable
RvY_08630-1	3	des;lt;uv	0.75	0.25	0.5	TRUE	TRUE	FALSE	TRUE	FALSE	FALSE	multi_condition_instable
RvY_08661-1	3	des;gam;lt	0.75	0.25	0.5	TRUE	FALSE	TRUE	TRUE	FALSE	FALSE	multi_condition_instable
RvY_08703-1	3	des;gam;uv	0.75	0.25	0.5	TRUE	TRUE	TRUE	FALSE	FALSE	FALSE	multi_condition_instable
RvY_08870-1	3	des;gam;uv	0.75	0.25	0.5	TRUE	TRUE	TRUE	FALSE	FALSE	FALSE	multi_condition_instable
RvY_09501-1	3	des;gam;uv	0.75	0.25	0.5	TRUE	TRUE	TRUE	FALSE	FALSE	FALSE	multi_condition_instable
RvY_09594	3	des;lt;uv	0.75	0.25	0.5	TRUE	TRUE	FALSE	TRUE	FALSE	FALSE	multi_condition_instable
RvY_09725-1	3	des;gam;uv	0.75	0.25	0.5	TRUE	TRUE	TRUE	FALSE	FALSE	FALSE	multi_condition_instable
RvY_09764-1	3	des;gam;uv	0.75	0.25	0.5	TRUE	TRUE	TRUE	FALSE	FALSE	FALSE	multi_condition_instable
RvY_09793-1	3	des;gam;uv	0.75	0.25	0.5	TRUE	TRUE	TRUE	FALSE	FALSE	FALSE	multi_condition_instable
RvY_10138-1	3	des;gam;uv	0.75	0.25	0.5	TRUE	TRUE	TRUE	FALSE	FALSE	FALSE	multi_condition_instable
RvY_10174-1	3	des;gam;uv	0.75	0.25	0.5	TRUE	TRUE	TRUE	FALSE	FALSE	FALSE	multi_condition_instable
RvY_10223-1	3	des;gam;uv	0.75	0.25	0.5	TRUE	TRUE	TRUE	FALSE	FALSE	FALSE	multi_condition_instable
RvY_10291-1	3	des;gam;lt	0.75	0.25	0.5	TRUE	FALSE	TRUE	TRUE	FALSE	FALSE	multi_condition_instable
RvY_10356	3	des;gam;uv	0.75	0.25	0.5	TRUE	TRUE	TRUE	FALSE	FALSE	FALSE	multi_condition_instable
RvY_11035-1	3	des;gam;uv	0.75	0.25	0.5	TRUE	TRUE	TRUE	FALSE	FALSE	FALSE	multi_condition_instable
RvY_11907-1	3	des;lt;uv	0.75	0.25	0.5	TRUE	TRUE	FALSE	TRUE	FALSE	FALSE	multi_condition_instable
RvY_12057	3	des;gam;uv	0.75	0.25	0.5	TRUE	TRUE	TRUE	FALSE	FALSE	FALSE	multi_condition_instable
RvY_12498	3	des;gam;uv	0.75	0.25	0.5	TRUE	TRUE	TRUE	FALSE	FALSE	FALSE	multi_condition_instable
RvY_12668-1	3	des;lt;uv	0.75	0.25	0.5	TRUE	TRUE	FALSE	TRUE	FALSE	FALSE	multi_condition_instable
RvY_12785-1	3	des;gam;uv	0.75	0.25	0.5	TRUE	TRUE	TRUE	FALSE	FALSE	FALSE	multi_condition_instable
RvY_12886-1	3	des;gam;uv	0.75	0.25	0.5	TRUE	TRUE	TRUE	FALSE	FALSE	FALSE	multi_condition_instable
RvY_12902	3	des;gam;uv	0.75	0.25	0.5	TRUE	TRUE	TRUE	FALSE	FALSE	FALSE	multi_condition_instable
RvY_12908-1	3	des;lt;uv	0.75	0.25	0.5	TRUE	TRUE	FALSE	TRUE	FALSE	FALSE	multi_condition_instable
RvY_12990-1	3	des;gam;uv	0.75	0.25	0.5	TRUE	TRUE	TRUE	FALSE	FALSE	FALSE	multi_condition_instable
RvY_13056-1	3	des;gam;uv	0.75	0.25	0.5	TRUE	TRUE	TRUE	FALSE	FALSE	FALSE	multi_condition_instable
RvY_13408-1	3	des;gam;uv	0.75	0.25	0.5	TRUE	TRUE	TRUE	FALSE	FALSE	FALSE	multi_condition_instable
RvY_13431	3	des;gam;uv	0.75	0.25	0.5	TRUE	TRUE	TRUE	FALSE	FALSE	FALSE	multi_condition_instable
RvY_13564	3	des;lt;uv	0.75	0.25	0.5	TRUE	TRUE	FALSE	TRUE	FALSE	FALSE	multi_condition_instable
RvY_13635-1	3	des;gam;uv	0.75	0.25	0.5	TRUE	TRUE	TRUE	FALSE	FALSE	FALSE	multi_condition_instable
RvY_13930-1	3	des;gam;uv	0.75	0.25	0.5	TRUE	TRUE	TRUE	FALSE	FALSE	FALSE	multi_condition_instable
RvY_14283-1	3	des;gam;uv	0.75	0.25	0.5	TRUE	TRUE	TRUE	FALSE	FALSE	FALSE	multi_condition_instable
RvY_14453	3	des;gam;uv	0.75	0.25	0.5	TRUE	TRUE	TRUE	FALSE	FALSE	FALSE	multi_condition_instable
RvY_14686	3	des;lt;uv	0.75	0.25	0.5	TRUE	TRUE	FALSE	TRUE	FALSE	FALSE	multi_condition_instable
RvY_15161-1	3	des;lt;uv	0.75	0.25	0.5	TRUE	TRUE	FALSE	TRUE	FALSE	FALSE	multi_condition_instable
RvY_15181-1	3	des;gam;uv	0.75	0.25	0.5	TRUE	TRUE	TRUE	FALSE	FALSE	FALSE	multi_condition_instable
RvY_15513-1	3	des;gam;uv	0.75	0.25	0.5	TRUE	TRUE	TRUE	FALSE	FALSE	FALSE	multi_condition_instable
RvY_15751	3	des;gam;uv	0.75	0.25	0.5	TRUE	TRUE	TRUE	FALSE	FALSE	FALSE	multi_condition_instable
RvY_15923	3	des;gam;uv	0.75	0.25	0.5	TRUE	TRUE	TRUE	FALSE	FALSE	FALSE	multi_condition_instable
RvY_16101-1	3	des;lt;uv	0.75	0.25	0.5	TRUE	TRUE	FALSE	TRUE	FALSE	FALSE	multi_condition_instable
RvY_16399-1	3	des;gam;uv	0.75	0.25	0.5	TRUE	TRUE	TRUE	FALSE	FALSE	FALSE	multi_condition_instable
RvY_16789-1	3	des;gam;uv	0.75	0.25	0.5	TRUE	TRUE	TRUE	FALSE	FALSE	FALSE	multi_condition_instable
RvY_16987-1	3	des;gam;uv	0.75	0.25	0.5	TRUE	TRUE	TRUE	FALSE	FALSE	FALSE	multi_condition_instable
RvY_17186	3	gam;lt;uv	0.75	0.25	0.5	FALSE	TRUE	TRUE	TRUE	FALSE	FALSE	multi_condition_instable
RvY_17343-1	3	des;gam;uv	0.75	0.25	0.5	TRUE	TRUE	TRUE	FALSE	FALSE	FALSE	multi_condition_instable
RvY_17514-1	3	des;gam;uv	0.75	0.25	0.5	TRUE	TRUE	TRUE	FALSE	FALSE	FALSE	multi_condition_instable
RvY_17546-1	3	des;gam;uv	0.75	0.25	0.5	TRUE	TRUE	TRUE	FALSE	FALSE	FALSE	multi_condition_instable
RvY_17718-1	3	des;gam;uv	0.75	0.25	0.5	TRUE	TRUE	TRUE	FALSE	FALSE	FALSE	multi_condition_instable
RvY_17742-1	3	des;gam;uv	0.75	0.25	0.5	TRUE	TRUE	TRUE	FALSE	FALSE	FALSE	multi_condition_instable
RvY_18038-1	3	des;gam;uv	0.75	0.25	0.5	TRUE	TRUE	TRUE	FALSE	FALSE	FALSE	multi_condition_instable
RvY_18292	3	des;gam;uv	0.75	0.25	0.5	TRUE	TRUE	TRUE	FALSE	FALSE	FALSE	multi_condition_instable
RvY_18421-1	3	des;gam;uv	0.75	0.25	0.5	TRUE	TRUE	TRUE	FALSE	FALSE	FALSE	multi_condition_instable
RvY_18595-1	3	des;lt;uv	0.75	0.25	0.5	TRUE	TRUE	FALSE	TRUE	FALSE	FALSE	multi_condition_instable
RvY_18764-1	3	des;lt;uv	0.75	0.25	0.5	TRUE	TRUE	FALSE	TRUE	FALSE	FALSE	multi_condition_instable
RvY_18824	3	des;gam;uv	0.75	0.25	0.5	TRUE	TRUE	TRUE	FALSE	FALSE	FALSE	multi_condition_instable
RvY_18900	3	des;gam;uv	0.75	0.25	0.5	TRUE	TRUE	TRUE	FALSE	FALSE	FALSE	multi_condition_instable
RvY_19312-1	3	des;gam;uv	0.75	0.25	0.5	TRUE	TRUE	TRUE	FALSE	FALSE	FALSE	multi_condition_instable
RvY_00095-1	3	des;gam;uv	0.7619047619047619	0.2380952380952381	0.5	TRUE	TRUE	TRUE	FALSE	FALSE	FALSE	multi_condition_instable
RvY_00132-1	3	des;gam;uv	0.7619047619047619	0.2380952380952381	0.5	TRUE	TRUE	TRUE	FALSE	FALSE	FALSE	multi_condition_instable
RvY_00409-1	3	gam;lt;uv	0.7619047619047619	0.2380952380952381	0.5	FALSE	TRUE	TRUE	TRUE	FALSE	FALSE	multi_condition_instable
RvY_00497-1	3	des;lt;uv	0.7619047619047619	0.2380952380952381	0.5	TRUE	TRUE	FALSE	TRUE	FALSE	FALSE	multi_condition_instable
RvY_00498-1	3	des;gam;uv	0.7619047619047619	0.2380952380952381	0.5	TRUE	TRUE	TRUE	FALSE	FALSE	FALSE	multi_condition_instable
RvY_00604-1	3	des;gam;uv	0.7619047619047619	0.2380952380952381	0.5	TRUE	TRUE	TRUE	FALSE	FALSE	FALSE	multi_condition_instable
RvY_00979-1	3	des;gam;uv	0.7619047619047619	0.2380952380952381	0.5	TRUE	TRUE	TRUE	FALSE	FALSE	FALSE	multi_condition_instable
RvY_01107-1	3	des;gam;uv	0.7619047619047619	0.2380952380952381	0.5	TRUE	TRUE	TRUE	FALSE	FALSE	FALSE	multi_condition_instable
RvY_01139	3	des;gam;uv	0.7619047619047619	0.2380952380952381	0.5	TRUE	TRUE	TRUE	FALSE	FALSE	FALSE	multi_condition_instable
RvY_01194-1	3	gam;lt;uv	0.7619047619047619	0.2380952380952381	0.5	FALSE	TRUE	TRUE	TRUE	FALSE	FALSE	multi_condition_instable
RvY_01888-1	3	gam;lt;uv	0.7619047619047619	0.2380952380952381	0.5	FALSE	TRUE	TRUE	TRUE	FALSE	FALSE	multi_condition_instable
RvY_02487-1	3	des;gam;uv	0.7619047619047619	0.2380952380952381	0.5	TRUE	TRUE	TRUE	FALSE	FALSE	FALSE	multi_condition_instable
RvY_02952-1	3	des;gam;uv	0.7619047619047619	0.2380952380952381	0.5	TRUE	TRUE	TRUE	FALSE	FALSE	FALSE	multi_condition_instable
RvY_03394-1	3	gam;lt;uv	0.7619047619047619	0.2380952380952381	0.5	FALSE	TRUE	TRUE	TRUE	FALSE	FALSE	multi_condition_instable
RvY_03752-1	3	des;lt;uv	0.7619047619047619	0.2380952380952381	0.5	TRUE	TRUE	FALSE	TRUE	FALSE	FALSE	multi_condition_instable
RvY_04256-1	3	des;lt;uv	0.7619047619047619	0.2380952380952381	0.5	TRUE	TRUE	FALSE	TRUE	FALSE	FALSE	multi_condition_instable
RvY_04458-1	3	des;gam;uv	0.7619047619047619	0.2380952380952381	0.5	TRUE	TRUE	TRUE	FALSE	FALSE	FALSE	multi_condition_instable
RvY_04459	3	des;gam;uv	0.7619047619047619	0.2380952380952381	0.5	TRUE	TRUE	TRUE	FALSE	FALSE	FALSE	multi_condition_instable
RvY_04527-1	3	des;gam;uv	0.7619047619047619	0.2380952380952381	0.5	TRUE	TRUE	TRUE	FALSE	FALSE	FALSE	multi_condition_instable
RvY_04754-1	3	des;gam;uv	0.7619047619047619	0.2380952380952381	0.5	TRUE	TRUE	TRUE	FALSE	FALSE	FALSE	multi_condition_instable
RvY_05001-1	3	des;gam;uv	0.7619047619047619	0.2380952380952381	0.5	TRUE	TRUE	TRUE	FALSE	FALSE	FALSE	multi_condition_instable
RvY_05105-1	3	des;lt;uv	0.7619047619047619	0.2380952380952381	0.5	TRUE	TRUE	FALSE	TRUE	FALSE	FALSE	multi_condition_instable
RvY_05570-1	3	des;gam;uv	0.7619047619047619	0.2380952380952381	0.5	TRUE	TRUE	TRUE	FALSE	FALSE	FALSE	multi_condition_instable
RvY_06142-1	3	gam;lt;uv	0.7619047619047619	0.2380952380952381	0.5	FALSE	TRUE	TRUE	TRUE	FALSE	FALSE	multi_condition_instable
RvY_06155-1	3	gam;lt;uv	0.7619047619047619	0.2380952380952381	0.5	FALSE	TRUE	TRUE	TRUE	FALSE	FALSE	multi_condition_instable
RvY_06309	3	des;lt;uv	0.7619047619047619	0.2380952380952381	0.5	TRUE	TRUE	FALSE	TRUE	FALSE	FALSE	multi_condition_instable
RvY_06346	3	des;gam;uv	0.7619047619047619	0.2380952380952381	0.5	TRUE	TRUE	TRUE	FALSE	FALSE	FALSE	multi_condition_instable
RvY_06395-1	3	gam;lt;uv	0.7619047619047619	0.2380952380952381	0.5	FALSE	TRUE	TRUE	TRUE	FALSE	FALSE	multi_condition_instable
RvY_06545-1	3	des;gam;uv	0.7619047619047619	0.2380952380952381	0.5	TRUE	TRUE	TRUE	FALSE	FALSE	FALSE	multi_condition_instable
RvY_06660-1	3	des;gam;uv	0.7619047619047619	0.2380952380952381	0.5	TRUE	TRUE	TRUE	FALSE	FALSE	FALSE	multi_condition_instable
RvY_06866-1	3	des;gam;uv	0.7619047619047619	0.2380952380952381	0.5	TRUE	TRUE	TRUE	FALSE	FALSE	FALSE	multi_condition_instable
RvY_07082-1	3	des;gam;uv	0.7619047619047619	0.2380952380952381	0.5	TRUE	TRUE	TRUE	FALSE	FALSE	FALSE	multi_condition_instable
RvY_07102-1	3	des;gam;uv	0.7619047619047619	0.2380952380952381	0.5	TRUE	TRUE	TRUE	FALSE	FALSE	FALSE	multi_condition_instable
RvY_07197	3	des;gam;uv	0.7619047619047619	0.2380952380952381	0.5	TRUE	TRUE	TRUE	FALSE	FALSE	FALSE	multi_condition_instable
RvY_07282-1	3	des;lt;uv	0.7619047619047619	0.2380952380952381	0.5	TRUE	TRUE	FALSE	TRUE	FALSE	FALSE	multi_condition_instable
RvY_07339-1	3	des;gam;uv	0.7619047619047619	0.2380952380952381	0.5	TRUE	TRUE	TRUE	FALSE	FALSE	FALSE	multi_condition_instable
RvY_07649-1	3	des;gam;uv	0.7619047619047619	0.2380952380952381	0.5	TRUE	TRUE	TRUE	FALSE	FALSE	FALSE	multi_condition_instable
RvY_07738-1	3	des;gam;uv	0.7619047619047619	0.2380952380952381	0.5	TRUE	TRUE	TRUE	FALSE	FALSE	FALSE	multi_condition_instable
RvY_07895-1	3	des;gam;uv	0.7619047619047619	0.2380952380952381	0.5	TRUE	TRUE	TRUE	FALSE	FALSE	FALSE	multi_condition_instable
RvY_07936-1	3	des;lt;uv	0.7619047619047619	0.2380952380952381	0.5	TRUE	TRUE	FALSE	TRUE	FALSE	FALSE	multi_condition_instable
RvY_07945-1	3	des;gam;uv	0.7619047619047619	0.2380952380952381	0.5	TRUE	TRUE	TRUE	FALSE	FALSE	FALSE	multi_condition_instable
RvY_08164-1	3	des;gam;uv	0.7619047619047619	0.2380952380952381	0.5	TRUE	TRUE	TRUE	FALSE	FALSE	FALSE	multi_condition_instable
RvY_08296-1	3	des;gam;uv	0.7619047619047619	0.2380952380952381	0.5	TRUE	TRUE	TRUE	FALSE	FALSE	FALSE	multi_condition_instable
RvY_08405	3	des;lt;uv	0.7619047619047619	0.2380952380952381	0.5	TRUE	TRUE	FALSE	TRUE	FALSE	FALSE	multi_condition_instable
RvY_08503-1	3	gam;lt;uv	0.7619047619047619	0.2380952380952381	0.5	FALSE	TRUE	TRUE	TRUE	FALSE	FALSE	multi_condition_instable
RvY_08571-1	3	des;gam;uv	0.7619047619047619	0.2380952380952381	0.5	TRUE	TRUE	TRUE	FALSE	FALSE	FALSE	multi_condition_instable
RvY_08609	3	des;gam;uv	0.7619047619047619	0.2380952380952381	0.5	TRUE	TRUE	TRUE	FALSE	FALSE	FALSE	multi_condition_instable
RvY_08993-1	3	des;gam;uv	0.7619047619047619	0.2380952380952381	0.5	TRUE	TRUE	TRUE	FALSE	FALSE	FALSE	multi_condition_instable
RvY_08996-1	3	des;gam;uv	0.7619047619047619	0.2380952380952381	0.5	TRUE	TRUE	TRUE	FALSE	FALSE	FALSE	multi_condition_instable
RvY_09131	3	des;gam;uv	0.7619047619047619	0.2380952380952381	0.5	TRUE	TRUE	TRUE	FALSE	FALSE	FALSE	multi_condition_instable
RvY_09138-1	3	des;lt;uv	0.7619047619047619	0.2380952380952381	0.5	TRUE	TRUE	FALSE	TRUE	FALSE	FALSE	multi_condition_instable
RvY_09233-1	3	des;gam;uv	0.7619047619047619	0.2380952380952381	0.5	TRUE	TRUE	TRUE	FALSE	FALSE	FALSE	multi_condition_instable
RvY_09484-1	3	des;gam;uv	0.7619047619047619	0.2380952380952381	0.5	TRUE	TRUE	TRUE	FALSE	FALSE	FALSE	multi_condition_instable
RvY_09584-1	3	des;lt;uv	0.7619047619047619	0.2380952380952381	0.5	TRUE	TRUE	FALSE	TRUE	FALSE	FALSE	multi_condition_instable
RvY_09657-1	3	des;gam;uv	0.7619047619047619	0.2380952380952381	0.5	TRUE	TRUE	TRUE	FALSE	FALSE	FALSE	multi_condition_instable
RvY_09753-1	3	des;gam;uv	0.7619047619047619	0.2380952380952381	0.5	TRUE	TRUE	TRUE	FALSE	FALSE	FALSE	multi_condition_instable
RvY_10176	3	des;gam;uv	0.7619047619047619	0.2380952380952381	0.5	TRUE	TRUE	TRUE	FALSE	FALSE	FALSE	multi_condition_instable
RvY_10439-1	3	des;gam;uv	0.7619047619047619	0.2380952380952381	0.5	TRUE	TRUE	TRUE	FALSE	FALSE	FALSE	multi_condition_instable
RvY_10813	3	des;gam;uv	0.7619047619047619	0.2380952380952381	0.5	TRUE	TRUE	TRUE	FALSE	FALSE	FALSE	multi_condition_instable
RvY_11451-1	3	des;gam;uv	0.7619047619047619	0.2380952380952381	0.5	TRUE	TRUE	TRUE	FALSE	FALSE	FALSE	multi_condition_instable
RvY_11569-1	3	des;gam;uv	0.7619047619047619	0.2380952380952381	0.5	TRUE	TRUE	TRUE	FALSE	FALSE	FALSE	multi_condition_instable
RvY_11810-1	3	des;lt;uv	0.7619047619047619	0.2380952380952381	0.5	TRUE	TRUE	FALSE	TRUE	FALSE	FALSE	multi_condition_instable
RvY_12052-1	3	des;lt;uv	0.7619047619047619	0.2380952380952381	0.5	TRUE	TRUE	FALSE	TRUE	FALSE	FALSE	multi_condition_instable
RvY_12151-1	3	des;gam;uv	0.7619047619047619	0.2380952380952381	0.5	TRUE	TRUE	TRUE	FALSE	FALSE	FALSE	multi_condition_instable
RvY_12207-1	3	des;gam;uv	0.7619047619047619	0.2380952380952381	0.5	TRUE	TRUE	TRUE	FALSE	FALSE	FALSE	multi_condition_instable
RvY_12262-1	3	des;gam;uv	0.7619047619047619	0.2380952380952381	0.5	TRUE	TRUE	TRUE	FALSE	FALSE	FALSE	multi_condition_instable
RvY_12309	3	des;gam;uv	0.7619047619047619	0.2380952380952381	0.5	TRUE	TRUE	TRUE	FALSE	FALSE	FALSE	multi_condition_instable
RvY_12775-1	3	des;gam;uv	0.7619047619047619	0.2380952380952381	0.5	TRUE	TRUE	TRUE	FALSE	FALSE	FALSE	multi_condition_instable
RvY_12832-1	3	des;gam;uv	0.7619047619047619	0.2380952380952381	0.5	TRUE	TRUE	TRUE	FALSE	FALSE	FALSE	multi_condition_instable
RvY_13099-1	3	des;lt;uv	0.7619047619047619	0.2380952380952381	0.5	TRUE	TRUE	FALSE	TRUE	FALSE	FALSE	multi_condition_instable
RvY_13144	3	des;gam;uv	0.7619047619047619	0.2380952380952381	0.5	TRUE	TRUE	TRUE	FALSE	FALSE	FALSE	multi_condition_instable
RvY_13192	3	des;gam;uv	0.7619047619047619	0.2380952380952381	0.5	TRUE	TRUE	TRUE	FALSE	FALSE	FALSE	multi_condition_instable
RvY_13345-1	3	des;lt;uv	0.7619047619047619	0.2380952380952381	0.5	TRUE	TRUE	FALSE	TRUE	FALSE	FALSE	multi_condition_instable
RvY_13651	3	des;lt;uv	0.7619047619047619	0.2380952380952381	0.5	TRUE	TRUE	FALSE	TRUE	FALSE	FALSE	multi_condition_instable
RvY_13685	3	des;gam;uv	0.7619047619047619	0.2380952380952381	0.5	TRUE	TRUE	TRUE	FALSE	FALSE	FALSE	multi_condition_instable
RvY_13858-1	3	des;gam;uv	0.7619047619047619	0.2380952380952381	0.5	TRUE	TRUE	TRUE	FALSE	FALSE	FALSE	multi_condition_instable
RvY_13873-1	3	des;gam;uv	0.7619047619047619	0.2380952380952381	0.5	TRUE	TRUE	TRUE	FALSE	FALSE	FALSE	multi_condition_instable
RvY_14275-1	3	des;gam;uv	0.7619047619047619	0.2380952380952381	0.5	TRUE	TRUE	TRUE	FALSE	FALSE	FALSE	multi_condition_instable
RvY_14360-1	3	des;gam;uv	0.7619047619047619	0.2380952380952381	0.5	TRUE	TRUE	TRUE	FALSE	FALSE	FALSE	multi_condition_instable
RvY_14435-1	3	des;lt;uv	0.7619047619047619	0.2380952380952381	0.5	TRUE	TRUE	FALSE	TRUE	FALSE	FALSE	multi_condition_instable
RvY_14660-1	3	des;lt;uv	0.7619047619047619	0.2380952380952381	0.5	TRUE	TRUE	FALSE	TRUE	FALSE	FALSE	multi_condition_instable
RvY_14899-1	3	des;gam;uv	0.7619047619047619	0.2380952380952381	0.5	TRUE	TRUE	TRUE	FALSE	FALSE	FALSE	multi_condition_instable
RvY_14928-1	3	des;gam;uv	0.7619047619047619	0.2380952380952381	0.5	TRUE	TRUE	TRUE	FALSE	FALSE	FALSE	multi_condition_instable
RvY_15160-1	3	gam;lt;uv	0.7619047619047619	0.2380952380952381	0.5	FALSE	TRUE	TRUE	TRUE	FALSE	FALSE	multi_condition_instable
RvY_15456-1	3	gam;lt;uv	0.7619047619047619	0.2380952380952381	0.5	FALSE	TRUE	TRUE	TRUE	FALSE	FALSE	multi_condition_instable
RvY_15509-1	3	des;lt;uv	0.7619047619047619	0.2380952380952381	0.5	TRUE	TRUE	FALSE	TRUE	FALSE	FALSE	multi_condition_instable
RvY_15614-1	3	des;lt;uv	0.7619047619047619	0.2380952380952381	0.5	TRUE	TRUE	FALSE	TRUE	FALSE	FALSE	multi_condition_instable
RvY_15816-1	3	des;gam;uv	0.7619047619047619	0.2380952380952381	0.5	TRUE	TRUE	TRUE	FALSE	FALSE	FALSE	multi_condition_instable
RvY_16069-1	3	des;lt;uv	0.7619047619047619	0.2380952380952381	0.5	TRUE	TRUE	FALSE	TRUE	FALSE	FALSE	multi_condition_instable
RvY_16132-1	3	gam;lt;uv	0.7619047619047619	0.2380952380952381	0.5	FALSE	TRUE	TRUE	TRUE	FALSE	FALSE	multi_condition_instable
RvY_16237-1	3	des;lt;uv	0.7619047619047619	0.2380952380952381	0.5	TRUE	TRUE	FALSE	TRUE	FALSE	FALSE	multi_condition_instable
RvY_16666-1	3	des;gam;uv	0.7619047619047619	0.2380952380952381	0.5	TRUE	TRUE	TRUE	FALSE	FALSE	FALSE	multi_condition_instable
RvY_16739	3	des;lt;uv	0.7619047619047619	0.2380952380952381	0.5	TRUE	TRUE	FALSE	TRUE	FALSE	FALSE	multi_condition_instable
RvY_16949	3	des;lt;uv	0.7619047619047619	0.2380952380952381	0.5	TRUE	TRUE	FALSE	TRUE	FALSE	FALSE	multi_condition_instable
RvY_17418-1	3	des;gam;uv	0.7619047619047619	0.2380952380952381	0.5	TRUE	TRUE	TRUE	FALSE	FALSE	FALSE	multi_condition_instable
RvY_17609-1	3	des;lt;uv	0.7619047619047619	0.2380952380952381	0.5	TRUE	TRUE	FALSE	TRUE	FALSE	FALSE	multi_condition_instable
RvY_17740	3	des;lt;uv	0.7619047619047619	0.2380952380952381	0.5	TRUE	TRUE	FALSE	TRUE	FALSE	FALSE	multi_condition_instable
RvY_18343-1	3	gam;lt;uv	0.7619047619047619	0.2380952380952381	0.5	FALSE	TRUE	TRUE	TRUE	FALSE	FALSE	multi_condition_instable
RvY_18579-1	3	des;lt;uv	0.7619047619047619	0.2380952380952381	0.5	TRUE	TRUE	FALSE	TRUE	FALSE	FALSE	multi_condition_instable
RvY_18649-1	3	des;gam;uv	0.7619047619047619	0.2380952380952381	0.5	TRUE	TRUE	TRUE	FALSE	FALSE	FALSE	multi_condition_instable
RvY_18699-1	3	des;lt;uv	0.7619047619047619	0.2380952380952381	0.5	TRUE	TRUE	FALSE	TRUE	FALSE	FALSE	multi_condition_instable
RvY_18883-1	3	des;gam;uv	0.7619047619047619	0.2380952380952381	0.5	TRUE	TRUE	TRUE	FALSE	FALSE	FALSE	multi_condition_instable
RvY_19009-1	3	gam;lt;uv	0.7619047619047619	0.2380952380952381	0.5	FALSE	TRUE	TRUE	TRUE	FALSE	FALSE	multi_condition_instable
RvY_19246-1	3	des;lt;uv	0.7619047619047619	0.2380952380952381	0.5	TRUE	TRUE	FALSE	TRUE	FALSE	FALSE	multi_condition_instable
RvY_19269-1	3	des;lt;uv	0.7619047619047619	0.2380952380952381	0.5	TRUE	TRUE	FALSE	TRUE	FALSE	FALSE	multi_condition_instable
RvY_19311-1	3	des;gam;uv	0.7619047619047619	0.2380952380952381	0.5	TRUE	TRUE	TRUE	FALSE	FALSE	FALSE	multi_condition_instable
RvY_19356	3	des;gam;uv	0.7619047619047619	0.2380952380952381	0.5	TRUE	TRUE	TRUE	FALSE	FALSE	FALSE	multi_condition_instable
