theme_rule_id	rule_definition_source	rule_type	theme_label	mapping_or_rule	theme_target	manual_or_deterministic	current_review_status	current_matching_term_count	current_matching_gene_set_count	current_matching_terms	evidence_classification	author_decision	author_notes
GO_01	scripts/current/build_current_biological_review_package.R	GO_THEME_MAPPING	Translation / ribosome	GO:0022626;GO:0022625;GO:0022627;GO:0005840;GO:0003735;GO:0002181;GO:0006412;GO:0043043	Translation / ribosome	manual	REQUIRES_AUTHOR_REVIEW	8	5	GO:0002181;GO:0003735;GO:0005840;GO:0006412;GO:0022625;GO:0022626;GO:0022627;GO:0043043	CURRENT_MATCHING_EVIDENCE	RETAIN	Specific current matching evidence supports Translation / ribosome.
GO_02	scripts/current/build_current_biological_review_package.R	GO_THEME_MAPPING	Protein targeting / secretion	GO:0006612;GO:0006613;GO:0006614;GO:0045047;GO:0072599;GO:0070972	Protein targeting / secretion	manual	REQUIRES_AUTHOR_REVIEW	6	4	GO:0006612;GO:0006613;GO:0006614;GO:0045047;GO:0070972;GO:0072599	CURRENT_MATCHING_EVIDENCE	RETAIN	Specific current matching evidence supports Protein targeting / secretion.
GO_03	scripts/current/build_current_biological_review_package.R	GO_THEME_MAPPING	Genome maintenance / DNA repair	GO:0006259;GO:0006260;GO:0006271;GO:0006273;GO:0006281;GO:0006974;GO:0000723;GO:0000724;GO:0000725;GO:0000726	Genome maintenance / DNA repair	manual	REQUIRES_AUTHOR_REVIEW	10	6	GO:0000723;GO:0000724;GO:0000725;GO:0000726;GO:0006259;GO:0006260;GO:0006271;GO:0006273;GO:0006281;GO:0006974	CURRENT_MATCHING_EVIDENCE	RETAIN	Specific current matching evidence supports Genome maintenance / DNA repair.
GO_04	scripts/current/build_current_biological_review_package.R	GO_THEME_MAPPING	Chromosome / nuclear organization	GO:0005694;GO:0051276;GO:0000228;GO:0044427;GO:0044454;GO:0098813;GO:0005634;GO:0005654	Chromosome / nuclear organization	manual	REQUIRES_AUTHOR_REVIEW	8	8	GO:0000228;GO:0005634;GO:0005654;GO:0005694;GO:0044427;GO:0044454;GO:0051276;GO:0098813	CURRENT_MATCHING_EVIDENCE	RETAIN	Current matching evidence supports Chromosome / nuclear organization.
GO_05	scripts/current/build_current_biological_review_package.R	GO_THEME_MAPPING	Cell cycle / cell division	GO:0007049;GO:0022402;GO:0000278;GO:0000280;GO:0048285;GO:0140013;GO:0051321;GO:1903046;GO:1903047;GO:0000070;GO:0000075;GO:0000077	Cell cycle / cell division	manual	REQUIRES_AUTHOR_REVIEW	12	6	GO:0000070;GO:0000075;GO:0000077;GO:0000278;GO:0000280;GO:0007049;GO:0022402;GO:0048285;GO:0051321;GO:0140013;GO:1903046;GO:1903047	CURRENT_MATCHING_EVIDENCE	RETAIN	Current matching evidence supports Cell cycle / cell division.
GO_06	scripts/current/build_current_biological_review_package.R	GO_THEME_MAPPING	Development / morphogenesis	GO:0035239;GO:0048729;GO:0060562;GO:0009887;GO:0048598;GO:0060541;GO:0001501;GO:0002009	Development / morphogenesis	manual	REQUIRES_AUTHOR_REVIEW	8	5	GO:0001501;GO:0002009;GO:0009887;GO:0035239;GO:0048598;GO:0048729;GO:0060541;GO:0060562	CURRENT_MATCHING_EVIDENCE	RETAIN	Current matching evidence supports Development / morphogenesis.
GO_07	scripts/current/build_current_biological_review_package.R	GO_THEME_MAPPING	Neural / projection organization	GO:0007411;GO:0097485;GO:0031175;GO:0048812;GO:0061564	Neural / projection organization	manual	REQUIRES_AUTHOR_REVIEW	5	4	GO:0007411;GO:0031175;GO:0048812;GO:0061564;GO:0097485	CURRENT_MATCHING_EVIDENCE	RETAIN	Current matching evidence supports Neural / projection organization.
GO_08	scripts/current/build_current_biological_review_package.R	GO_THEME_MAPPING	Movement / behavior / taxis	GO:0040011;GO:0006935;GO:0050920;GO:0007610;GO:0008045;GO:0008038	Movement / behavior / taxis	manual	REQUIRES_AUTHOR_REVIEW	6	3	GO:0006935;GO:0007610;GO:0008038;GO:0008045;GO:0040011;GO:0050920	CURRENT_MATCHING_EVIDENCE	RETAIN	Current matching evidence supports Movement / behavior / taxis. Interpretation must remain descriptive and must not imply demonstrated organismal behavior or a causal behavioral mechanism.
GO_09	scripts/current/build_current_biological_review_package.R	GO_THEME_MAPPING	Cell adhesion / junction	GO:0007155;GO:0007156;GO:0098609;GO:0005912;GO:0098742	Cell adhesion / junction	manual	REQUIRES_AUTHOR_REVIEW	5	4	GO:0005912;GO:0007155;GO:0007156;GO:0098609;GO:0098742	CURRENT_MATCHING_EVIDENCE	RETAIN	Current matching evidence supports Cell adhesion / junction.
GO_10	scripts/current/build_current_biological_review_package.R	GO_THEME_MAPPING	Metabolism / oxidation-reduction	GO:0016491;GO:0055114;GO:0044281;GO:0006082;GO:0019752;GO:0043436;GO:0071704;GO:0044238	Metabolism / oxidation-reduction	manual	REQUIRES_AUTHOR_REVIEW	8	10	GO:0006082;GO:0016491;GO:0019752;GO:0043436;GO:0044238;GO:0044281;GO:0055114;GO:0071704	CURRENT_MATCHING_EVIDENCE	RETAIN	Current matching evidence supports Metabolism / oxidation-reduction.
GO_11	scripts/current/build_current_biological_review_package.R	GO_THEME_MAPPING	Broad regulatory / cellular process	regex:^GO:00	Broad regulatory / cellular process	manual	REQUIRES_AUTHOR_REVIEW	3591	26	GO:0000001;GO:0000002;GO:0000003;GO:0000018;GO:0000019;GO:0000022;GO:0000027;GO:0000028;GO:0000049;GO:0000055;GO:0000062;GO:0000070;GO:0000075;GO:0000076;GO:0000077;GO:0000082;GO:0000086;GO:0000118;GO:0000122;GO:0000123;GO:0000132;GO:0000151;GO:0000165;GO:0000166;GO:0000182;GO:0000184;GO:0000209;GO:0000212;GO:0000217;GO:0000221;GO:0000226;GO:0000228;GO:0000235;GO:0000245;GO:0000275;GO:0000276;GO:0000278;GO:0000280;GO:0000281;GO:0000287;GO:0000288;GO:0000289;GO:0000291;GO:0000303;GO:0000305;GO:0000323;GO:0000335;GO:0000337;GO:0000347;GO:0000375;GO:0000377;GO:0000381;GO:0000398;GO:0000400;GO:0000405;GO:0000428;GO:0000445;GO:0000578;GO:0000712;GO:0000715;GO:0000722;GO:0000723;GO:0000724;GO:0000725;GO:0000726;GO:0000727;GO:0000731;GO:0000732;GO:0000733;GO:0000775;GO:0000776;GO:0000777;GO:0000779;GO:0000780;GO:0000781;GO:0000784;GO:0000785;GO:0000786;GO:0000790;GO:0000791;GO:0000792;GO:0000793;GO:0000794;GO:0000795;GO:0000796;GO:0000798;GO:0000799;GO:0000800;GO:0000819;GO:0000902;GO:0000904;GO:0000910;GO:0000916;GO:0000922;GO:0000932;GO:0000956;GO:0000976;GO:0000977;GO:0000978;GO:0000979;GO:0000981;GO:0000987;GO:0000988;GO:0000989;GO:0001012;GO:0001018;GO:0001030;GO:0001031;GO:0001046;GO:0001047;GO:0001055;GO:0001067;GO:0001076;GO:0001078;GO:0001101;GO:0001102;GO:0001135;GO:0001227;GO:0001228;GO:0001306;GO:0001501;GO:0001503;GO:0001505;GO:0001516;GO:0001556;GO:0001558;GO:0001568;GO:0001570;GO:0001573;GO:0001650;GO:0001654;GO:0001655;GO:0001656;GO:0001658;GO:0001664;GO:0001666;GO:0001667;GO:0001676;GO:0001678;GO:0001700;GO:0001701;GO:0001704;GO:0001706;GO:0001707;GO:0001708;GO:0001709;GO:0001711;GO:0001725;GO:0001726;GO:0001736;GO:0001738;GO:0001745;GO:0001751;GO:0001752;GO:0001754;GO:0001756;GO:0001763;GO:0001764;GO:0001767;GO:0001768;GO:0001771;GO:0001775;GO:0001816;GO:0001817;GO:0001819;GO:0001822;GO:0001824;GO:0001825;GO:0001829;GO:0001838;GO:0001840;GO:0001841;GO:0001843;GO:0001871;GO:0001885;GO:0001889;GO:0001890;GO:0001892;GO:0001895;GO:0001932;GO:0001933;GO:0001934;GO:0001942;GO:0001944;GO:0001952;GO:0001956;GO:0001959;GO:0001960;GO:0001966;GO:0002009;GO:0002020;GO:0002027;GO:0002028;GO:0002039;GO:0002052;GO:0002064;GO:0002065;GO:0002066;GO:0002068;GO:0002072;GO:0002088;GO:0002093;GO:0002118;GO:0002119;GO:0002151;GO:0002154;GO:0002164;GO:0002165;GO:0002168;GO:0002181;GO:0002218;GO:0002221;GO:0002244;GO:0002252;GO:0002253;GO:0002263;GO:0002274;GO:0002275;GO:0002283;GO:0002366;GO:0002376;GO:0002440;GO:0002443;GO:0002444;GO:0002446;GO:0002478;GO:0002495;GO:0002504;GO:0002520;GO:0002521;GO:0002568;GO:0002576;GO:0002637;GO:0002639;GO:0002681;GO:0002682;GO:0002683;GO:0002684;GO:0002691;GO:0002694;GO:0002696;GO:0002697;GO:0002700;GO:0002706;GO:0002708;GO:0002712;GO:0002714;GO:0002757;GO:0002758;GO:0002764;GO:0002791;GO:0002793;GO:0002819;GO:0002821;GO:0002822;GO:0002824;GO:0002831;GO:0002889;GO:0002891;GO:0003002;GO:0003006;GO:0003007;GO:0003008;GO:0003013;GO:0003015;GO:0003018;GO:0003143;GO:0003158;GO:0003170;GO:0003171;GO:0003174;GO:0003176;GO:0003177;GO:0003179;GO:0003180;GO:0003181;GO:0003183;GO:0003184;GO:0003192;GO:0003205;GO:0003252;GO:0003273;GO:0003279;GO:0003340;GO:0003382;GO:0003383;GO:0003674;GO:0003676;GO:0003677;GO:0003678;GO:0003682;GO:0003684;GO:0003690;GO:0003697;GO:0003700;GO:0003705;GO:0003707;GO:0003712;GO:0003713;GO:0003714;GO:0003723;GO:0003724;GO:0003725;GO:0003727;GO:0003729;GO:0003730;GO:0003735;GO:0003774;GO:0003779;GO:0003785;GO:0003824;GO:0003887;GO:0003899;GO:0003909;GO:0003910;GO:0003916;GO:0003918;GO:0003950;GO:0003954;GO:0003995;GO:0004003;GO:0004004;GO:0004012;GO:0004027;GO:0004062;GO:0004099;GO:0004129;GO:0004175;GO:0004176;GO:0004222;GO:0004252;GO:0004364;GO:0004386;GO:0004402;GO:0004438;GO:0004467;GO:0004497;GO:0004500;GO:0004518;GO:0004519;GO:0004525;GO:0004530;GO:0004534;GO:0004540;GO:0004553;GO:0004559;GO:0004563;GO:0004568;GO:0004601;GO:0004602;GO:0004667;GO:0004672;GO:0004674;GO:0004694;GO:0004709;GO:0004713;GO:0004715;GO:0004721;GO:0004725;GO:0004734;GO:0004784;GO:0004812;GO:0004839;GO:0004842;GO:0004843;GO:0004866;GO:0004867;GO:0004869;GO:0004879;GO:0004930;GO:0005048;GO:0005049;GO:0005078;GO:0005085;GO:0005088;GO:0005089;GO:0005096;GO:0005102;GO:0005112;GO:0005198;GO:0005200;GO:0005215;GO:0005216;GO:0005244;GO:0005249;GO:0005261;GO:0005267;GO:0005310;GO:0005319;GO:0005324;GO:0005388;GO:0005391;GO:0005488;GO:0005496;GO:0005504;GO:0005506;GO:0005507;GO:0005509;GO:0005515;GO:0005516;GO:0005521;GO:0005524;GO:0005543;GO:0005548;GO:0005575;GO:0005576;GO:0005604;GO:0005615;GO:0005622;GO:0005623;GO:0005634;GO:0005635;GO:0005643;GO:0005654;GO:0005657;GO:0005665;GO:0005667;GO:0005668;GO:0005681;GO:0005684;GO:0005694;GO:0005700;GO:0005703;GO:0005705;GO:0005719;GO:0005721;GO:0005730;GO:0005737;GO:0005739;GO:0005740;GO:0005743;GO:0005746;GO:0005747;GO:0005750;GO:0005751;GO:0005753;GO:0005759;GO:0005761;GO:0005764;GO:0005765;GO:0005768;GO:0005773;GO:0005774;GO:0005775;GO:0005777;GO:0005788;GO:0005789;GO:0005791;GO:0005794;GO:0005813;GO:0005814;GO:0005815;GO:0005819;GO:0005824;GO:0005828;GO:0005829;GO:0005840;GO:0005844;GO:0005856;GO:0005874;GO:0005875;GO:0005876;GO:0005881;GO:0005882;GO:0005884;GO:0005886;GO:0005890;GO:0005899;GO:0005901;GO:0005905;GO:0005911;GO:0005912;GO:0005913;GO:0005915;GO:0005916;GO:0005921;GO:0005923;GO:0005924;GO:0005925;GO:0005927;GO:0005935;GO:0005938;GO:0005947;GO:0005975;GO:0005976;GO:0006022;GO:0006026;GO:0006030;GO:0006032;GO:0006034;GO:0006035;GO:0006037;GO:0006040;GO:0006082;GO:0006083;GO:0006091;GO:0006103;GO:0006109;GO:0006119;GO:0006120;GO:0006122;GO:0006123;GO:0006139;GO:0006163;GO:0006188;GO:0006189;GO:0006259;GO:0006260;GO:0006261;GO:0006266;GO:0006268;GO:0006270;GO:0006271;GO:0006273;GO:0006275;GO:0006277;GO:0006281;GO:0006282;GO:0006283;GO:0006284;GO:0006289;GO:0006294;GO:0006296;GO:0006302;GO:0006303;GO:0006304;GO:0006305;GO:0006306;GO:0006309;GO:0006310;GO:0006312;GO:0006323;GO:0006325;GO:0006333;GO:0006334;GO:0006336;GO:0006337;GO:0006338;GO:0006342;GO:0006351;GO:0006352;GO:0006354;GO:0006355;GO:0006356;GO:0006357;GO:0006364;GO:0006366;GO:0006367;GO:0006368;GO:0006376;GO:0006378;GO:0006379;GO:0006396;GO:0006397;GO:0006399;GO:0006400;GO:0006401;GO:0006402;GO:0006403;GO:0006405;GO:0006406;GO:0006412;GO:0006413;GO:0006417;GO:0006418;GO:0006446;GO:0006457;GO:0006464;GO:0006468;GO:0006469;GO:0006470;GO:0006471;GO:0006473;GO:0006475;GO:0006479;GO:0006497;GO:0006508;GO:0006511;GO:0006513;GO:0006518;GO:0006520;GO:0006538;GO:0006558;GO:0006559;GO:0006570;GO:0006575;GO:0006576;GO:0006584;GO:0006589;GO:0006605;GO:0006606;GO:0006607;GO:0006610;GO:0006611;GO:0006612;GO:0006613;GO:0006614;GO:0006623;GO:0006629;GO:0006631;GO:0006633;GO:0006636;GO:0006637;GO:0006650;GO:0006661;GO:0006689;GO:0006690;GO:0006691;GO:0006692;GO:0006693;GO:0006694;GO:0006714;GO:0006720;GO:0006721;GO:0006725;GO:0006726;GO:0006728;GO:0006732;GO:0006733;GO:0006749;GO:0006753;GO:0006754;GO:0006766;GO:0006767;GO:0006790;GO:0006793;GO:0006796;GO:0006801;GO:0006805;GO:0006807;GO:0006810;GO:0006811;GO:0006812;GO:0006813;GO:0006820;GO:0006835;GO:0006848;GO:0006857;GO:0006873;GO:0006874;GO:0006875;GO:0006879;GO:0006886;GO:0006887;GO:0006888;GO:0006891;GO:0006892;GO:0006897;GO:0006898;GO:0006906;GO:0006909;GO:0006911;GO:0006913;GO:0006914;GO:0006915;GO:0006928;GO:0006935;GO:0006936;GO:0006937;GO:0006941;GO:0006942;GO:0006949;GO:0006950;GO:0006952;GO:0006955;GO:0006974;GO:0006977;GO:0006979;GO:0006986;GO:0006996;GO:0006997;GO:0007010;GO:0007015;GO:0007016;GO:0007017;GO:0007018;GO:0007026;GO:0007028;GO:0007029;GO:0007030;GO:0007034;GO:0007041;GO:0007043;GO:0007044;GO:0007049;GO:0007050;GO:0007051;GO:0007052;GO:0007059;GO:0007060;GO:0007062;GO:0007063;GO:0007064;GO:0007065;GO:0007066;GO:0007076;GO:0007079;GO:0007088;GO:0007091;GO:0007093;GO:0007097;GO:0007098;GO:0007127;GO:0007129;GO:0007130;GO:0007131;GO:0007135;GO:0007140;GO:0007141;GO:0007143;GO:0007154;GO:0007155;GO:0007156;GO:0007157;GO:0007160;GO:0007161;GO:0007162;GO:0007163;GO:0007164;GO:0007165;GO:0007166;GO:0007167;GO:0007169;GO:0007173;GO:0007179;GO:0007186;GO:0007219;GO:0007223;GO:0007229;GO:0007254;GO:0007257;GO:0007259;GO:0007264;GO:0007265;GO:0007266;GO:0007267;GO:0007268;GO:0007269;GO:0007272;GO:0007275;GO:0007276;GO:0007277;GO:0007278;GO:0007279;GO:0007281;GO:0007282;GO:0007283;GO:0007286;GO:0007289;GO:0007292;GO:0007293;GO:0007294;GO:0007297;GO:0007298;GO:0007303;GO:0007304;GO:0007306;GO:0007307;GO:0007308;GO:0007309;GO:0007310;GO:0007313;GO:0007314;GO:0007315;GO:0007316;GO:0007317;GO:0007318;GO:0007338;GO:0007346;GO:0007349;GO:0007350;GO:0007351;GO:0007354;GO:0007362;GO:0007365;GO:0007367;GO:0007368;GO:0007369;GO:0007389;GO:0007391;GO:0007398;GO:0007399;GO:0007400;GO:0007403;GO:0007405;GO:0007406;GO:0007409;GO:0007411;GO:0007413;GO:0007414;GO:0007415;GO:0007416;GO:0007417;GO:0007420;GO:0007422;GO:0007423;GO:0007424;GO:0007431;GO:0007435;GO:0007442;GO:0007443;GO:0007444;GO:0007447;GO:0007450;GO:0007455;GO:0007464;GO:0007472;GO:0007474;GO:0007475;GO:0007476;GO:0007477;GO:0007478;GO:0007480;GO:0007492;GO:0007498;GO:0007507;GO:0007517;GO:0007519;GO:0007522;GO:0007525;GO:0007528;GO:0007530;GO:0007548;GO:0007549;GO:0007552;GO:0007560;GO:0007566;GO:0007568;GO:0007569;GO:0007571;GO:0007591;GO:0007601;GO:0007605;GO:0007610;GO:0007611;GO:0007612;GO:0007613;GO:0007614;GO:0007616;GO:0007622;GO:0007623;GO:0007626;GO:0007632;GO:0008013;GO:0008015;GO:0008016;GO:0008017;GO:0008021;GO:0008022;GO:0008023;GO:0008026;GO:0008033;GO:0008037;GO:0008038;GO:0008045;GO:0008047;GO:0008050;GO:0008061;GO:0008069;GO:0008078;GO:0008080;GO:0008088;GO:0008089;GO:0008090;GO:0008091;GO:0008092;GO:0008094;GO:0008104;GO:0008121;GO:0008134;GO:0008137;GO:0008139;GO:0008144;GO:0008146;GO:0008150;GO:0008152;GO:0008156;GO:0008170;GO:0008186;GO:0008202;GO:0008207;GO:0008213;GO:0008219;GO:0008233;GO:0008234;GO:0008236;GO:0008237;GO:0008241;GO:0008270;GO:0008276;GO:0008277;GO:0008278;GO:0008283;GO:0008284;GO:0008285;GO:0008286;GO:0008289;GO:0008293;GO:0008298;GO:0008299;GO:0008306;GO:0008324;GO:0008340;GO:0008344;GO:0008347;GO:0008356;GO:0008358;GO:0008360;GO:0008361;GO:0008362;GO:0008380;GO:0008395;GO:0008406;GO:0008510;GO:0008536;GO:0008542;GO:0008544;GO:0008556;GO:0008559;GO:0008565;GO:0008569;GO:0008582;GO:0008584;GO:0008586;GO:0008587;GO:0008589;GO:0008593;GO:0008595;GO:0008608;GO:0008623;GO:0008630;GO:0008652;GO:0009039;GO:0009055;GO:0009056;GO:0009057;GO:0009058;GO:0009059;GO:0009060;GO:0009063;GO:0009064;GO:0009072;GO:0009074;GO:0009081;GO:0009083;GO:0009108;GO:0009110;GO:0009117;GO:0009123;GO:0009124;GO:0009126;GO:0009127;GO:0009141;GO:0009142;GO:0009144;GO:0009145;GO:0009150;GO:0009156;GO:0009161;GO:0009167;GO:0009168;GO:0009187;GO:0009199;GO:0009201;GO:0009205;GO:0009206;GO:0009235;GO:0009249;GO:0009259;GO:0009266;GO:0009267;GO:0009299;GO:0009301;GO:0009303;GO:0009308;GO:0009314;GO:0009330;GO:0009374;GO:0009407;GO:0009408;GO:0009410;GO:0009411;GO:0009416;GO:0009451;GO:0009555;GO:0009566;GO:0009605;GO:0009607;GO:0009611;GO:0009612;GO:0009615;GO:0009617;GO:0009628;GO:0009636;GO:0009653;GO:0009712;GO:0009713;GO:0009719;GO:0009725;GO:0009743;GO:0009746;GO:0009749;GO:0009750;GO:0009755;GO:0009786;GO:0009790;GO:0009791;GO:0009792;GO:0009794;GO:0009798;GO:0009799;GO:0009820;GO:0009822;GO:0009826;GO:0009855;GO:0009880;GO:0009886;GO:0009887;GO:0009888;GO:0009889;GO:0009890;GO:0009891;GO:0009892;GO:0009893;GO:0009894;GO:0009895;GO:0009896;GO:0009898;GO:0009913;GO:0009948;GO:0009949;GO:0009950;GO:0009951;GO:0009952;GO:0009953;GO:0009966;GO:0009967;GO:0009968;GO:0009986;GO:0009987;GO:0009991;GO:0009994;GO:0009996;GO:0010001;GO:0010026;GO:0010032;GO:0010033;GO:0010035;GO:0010038;GO:0010171;GO:0010172;GO:0010212;GO:0010243;GO:0010248;GO:0010256;GO:0010259;GO:0010324;GO:0010369;GO:0010383;GO:0010389;GO:0010390;GO:0010453;GO:0010454;GO:0010464;GO:0010466;GO:0010467;GO:0010468;GO:0010470;GO:0010484;GO:0010494;GO:0010498;GO:0010499;GO:0010506;GO:0010507;GO:0010508;GO:0010528;GO:0010529;GO:0010556;GO:0010557;GO:0010558;GO:0010560;GO:0010562;GO:0010563;GO:0010564;GO:0010565;GO:0010569;GO:0010586;GO:0010603;GO:0010604;GO:0010605;GO:0010606;GO:0010608;GO:0010610;GO:0010623;GO:0010628;GO:0010629;GO:0010631;GO:0010632;GO:0010634;GO:0010636;GO:0010638;GO:0010639;GO:0010642;GO:0010644;GO:0010646;GO:0010647;GO:0010648;GO:0010717;GO:0010718;GO:0010720;GO:0010721;GO:0010754;GO:0010766;GO:0010769;GO:0010770;GO:0010793;GO:0010799;GO:0010800;GO:0010810;GO:0010811;GO:0010817;GO:0010828;GO:0010881;GO:0010882;GO:0010894;GO:0010921;GO:0010923;GO:0010927;GO:0010941;GO:0010942;GO:0010948;GO:0010951;GO:0010965;GO:0010968;GO:0010972;GO:0010975;GO:0010976;GO:0010977;GO:0010990;GO:0010991;GO:0010995;GO:0012501;GO:0012505;GO:0014002;GO:0014013;GO:0014015;GO:0014016;GO:0014017;GO:0014020;GO:0014031;GO:0014032;GO:0014042;GO:0014048;GO:0014065;GO:0014069;GO:0014070;GO:0014074;GO:0014704;GO:0014706;GO:0014722;GO:0014735;GO:0014744;GO:0014809;GO:0014810;GO:0014855;GO:0014877;GO:0014894;GO:0014912;GO:0015002;GO:0015031;GO:0015037;GO:0015038;GO:0015075;GO:0015077;GO:0015078;GO:0015079;GO:0015103;GO:0015238;GO:0015267;GO:0015291;GO:0015318;GO:0015399;GO:0015405;GO:0015410;GO:0015420;GO:0015431;GO:0015556;GO:0015616;GO:0015629;GO:0015630;GO:0015631;GO:0015645;GO:0015662;GO:0015672;GO:0015698;GO:0015711;GO:0015740;GO:0015833;GO:0015849;GO:0015889;GO:0015893;GO:0015909;GO:0015911;GO:0015914;GO:0015923;GO:0015924;GO:0015925;GO:0015931;GO:0015934;GO:0015935;GO:0015980;GO:0015985;GO:0015986;GO:0015990;GO:0016020;GO:0016021;GO:0016032;GO:0016042;GO:0016043;GO:0016049;GO:0016050;GO:0016052;GO:0016053;GO:0016054;GO:0016055;GO:0016070;GO:0016071;GO:0016082;GO:0016098;GO:0016192;GO:0016197;GO:0016198;GO:0016199;GO:0016200;GO:0016203;GO:0016209;GO:0016234;GO:0016239;GO:0016241;GO:0016246;GO:0016278;GO:0016279;GO:0016301;GO:0016303;GO:0016307;GO:0016310;GO:0016311;GO:0016318;GO:0016319;GO:0016322;GO:0016323;GO:0016324;GO:0016325;GO:0016327;GO:0016328;GO:0016330;GO:0016331;GO:0016333;GO:0016334;GO:0016342;GO:0016358;GO:0016363;GO:0016405;GO:0016441;GO:0016442;GO:0016458;GO:0016459;GO:0016462;GO:0016469;GO:0016477;GO:0016482;GO:0016491;GO:0016514;GO:0016567;GO:0016569;GO:0016570;GO:0016571;GO:0016573;GO:0016574;GO:0016578;GO:0016579;GO:0016586;GO:0016589;GO:0016590;GO:0016591;GO:0016604;GO:0016605;GO:0016607;GO:0016614;GO:0016616;GO:0016648;GO:0016651;GO:0016655;GO:0016672;GO:0016675;GO:0016676;GO:0016679;GO:0016681;GO:0016684;GO:0016705;GO:0016715;GO:0016721;GO:0016740;GO:0016765;GO:0016772;GO:0016773;GO:0016779;GO:0016782;GO:0016787;GO:0016788;GO:0016791;GO:0016798;GO:0016817;GO:0016818;GO:0016830;GO:0016831;GO:0016853;GO:0016860;GO:0016874;GO:0016875;GO:0016878;GO:0016885;GO:0016886;GO:0016887;GO:0016922;GO:0016964;GO:0017000;GO:0017016;GO:0017038;GO:0017046;GO:0017048;GO:0017053;GO:0017076;GO:0017111;GO:0017112;GO:0017116;GO:0017137;GO:0017144;GO:0017145;GO:0017148;GO:0017151;GO:0017153;GO:0017166;GO:0017171;GO:0018022;GO:0018023;GO:0018024;GO:0018026;GO:0018027;GO:0018105;GO:0018107;GO:0018108;GO:0018130;GO:0018193;GO:0018205;GO:0018209;GO:0018210;GO:0018212;GO:0018393;GO:0018394;GO:0018410;GO:0018958;GO:0018990;GO:0018991;GO:0018992;GO:0019048;GO:0019054;GO:0019094;GO:0019207;GO:0019209;GO:0019216;GO:0019219;GO:0019220;GO:0019221;GO:0019222;GO:0019233;GO:0019323;GO:0019336;GO:0019371;GO:0019430;GO:0019433;GO:0019438;GO:0019439;GO:0019538;GO:0019614;GO:0019637;GO:0019646;GO:0019693;GO:0019725;GO:0019730;GO:0019752;GO:0019755;GO:0019783;GO:0019787;GO:0019798;GO:0019827;GO:0019829;GO:0019842;GO:0019843;GO:0019853;GO:0019866;GO:0019882;GO:0019884;GO:0019886;GO:0019887;GO:0019889;GO:0019894;GO:0019896;GO:0019897;GO:0019898;GO:0019899;GO:0019900;GO:0019901;GO:0019902;GO:0019903;GO:0019904;GO:0019934;GO:0019941;GO:0019953;GO:0020037;GO:0021510;GO:0021514;GO:0021517;GO:0021533;GO:0021536;GO:0021537;GO:0021538;GO:0021543;GO:0021549;GO:0021575;GO:0021587;GO:0021675;GO:0021680;GO:0021681;GO:0021683;GO:0021684;GO:0021692;GO:0021694;GO:0021695;GO:0021696;GO:0021697;GO:0021700;GO:0021702;GO:0021707;GO:0021781;GO:0021846;GO:0021872;GO:0021879;GO:0021915;GO:0021952;GO:0021953;GO:0021954;GO:0021955;GO:0021965;GO:0021982;GO:0021986;GO:0021987;GO:0022008;GO:0022009;GO:0022037;GO:0022402;GO:0022404;GO:0022405;GO:0022407;GO:0022409;GO:0022411;GO:0022412;GO:0022414;GO:0022603;GO:0022604;GO:0022607;GO:0022610;GO:0022612;GO:0022613;GO:0022616;GO:0022618;GO:0022625;GO:0022626;GO:0022627;GO:0022803;GO:0022804;GO:0022832;GO:0022836;GO:0022838;GO:0022839;GO:0022843;GO:0022853;GO:0022857;GO:0022900;GO:0022904;GO:0023014;GO:0023051;GO:0023052;GO:0023056;GO:0023057;GO:0023061;GO:0030001;GO:0030003;GO:0030010;GO:0030014;GO:0030016;GO:0030017;GO:0030018;GO:0030027;GO:0030029;GO:0030030;GO:0030035;GO:0030036;GO:0030048;GO:0030054;GO:0030055;GO:0030056;GO:0030062;GO:0030071;GO:0030097;GO:0030098;GO:0030099;GO:0030100;GO:0030111;GO:0030117;GO:0030118;GO:0030120;GO:0030125;GO:0030131;GO:0030137;GO:0030139;GO:0030141;GO:0030154;GO:0030155;GO:0030162;GO:0030163;GO:0030170;GO:0030174;GO:0030175;GO:0030176;GO:0030177;GO:0030178;GO:0030182;GO:0030217;GO:0030219;GO:0030234;GO:0030238;GO:0030239;GO:0030246;GO:0030247;GO:0030261;GO:0030278;GO:0030290;GO:0030295;GO:0030307;GO:0030323;GO:0030324;GO:0030326;GO:0030330;GO:0030331;GO:0030332;GO:0030334;GO:0030335;GO:0030336;GO:0030346;GO:0030371;GO:0030414;GO:0030421;GO:0030422;GO:0030423;GO:0030424;GO:0030425;GO:0030426;GO:0030427;GO:0030428;GO:0030466;GO:0030496;GO:0030506;GO:0030507;GO:0030510;GO:0030514;GO:0030516;GO:0030518;GO:0030521;GO:0030522;GO:0030527;GO:0030532;GO:0030539;GO:0030554;GO:0030575;GO:0030613;GO:0030614;GO:0030667;GO:0030676;GO:0030684;GO:0030695;GO:0030703;GO:0030705;GO:0030706;GO:0030707;GO:0030716;GO:0030717;GO:0030718;GO:0030720;GO:0030727;GO:0030837;GO:0030855;GO:0030856;GO:0030858;GO:0030863;GO:0030864;GO:0030865;GO:0030866;GO:0030867;GO:0030877;GO:0030880;GO:0030892;GO:0030893;GO:0030898;GO:0030899;GO:0030900;GO:0030901;GO:0030902;GO:0030903;GO:0030951;GO:0030952;GO:0030953;GO:0030964;GO:0030997;GO:0031010;GO:0031012;GO:0031013;GO:0031023;GO:0031032;GO:0031045;GO:0031047;GO:0031048;GO:0031054;GO:0031056;GO:0031057;GO:0031058;GO:0031060;GO:0031062;GO:0031063;GO:0031065;GO:0031072;GO:0031076;GO:0031090;GO:0031098;GO:0031100;GO:0031109;GO:0031110;GO:0031111;GO:0031112;GO:0031113;GO:0031114;GO:0031116;GO:0031122;GO:0031123;GO:0031124;GO:0031128;GO:0031175;GO:0031177;GO:0031213;GO:0031235;GO:0031248;GO:0031252;GO:0031261;GO:0031267;GO:0031290;GO:0031291;GO:0031297;GO:0031323;GO:0031324;GO:0031325;GO:0031326;GO:0031327;GO:0031328;GO:0031329;GO:0031330;GO:0031331;GO:0031332;GO:0031333;GO:0031334;GO:0031344;GO:0031346;GO:0031347;GO:0031349;GO:0031369;GO:0031396;GO:0031399;GO:0031400;GO:0031401;GO:0031406;GO:0031410;GO:0031434;GO:0031440;GO:0031441;GO:0031445;GO:0031490;GO:0031491;GO:0031492;GO:0031497;GO:0031498;GO:0031503;GO:0031507;GO:0031570;GO:0031571;GO:0031572;GO:0031581;GO:0031589;GO:0031594;GO:0031618;GO:0031625;GO:0031647;GO:0031667;GO:0031668;GO:0031669;GO:0031670;GO:0031672;GO:0031674;GO:0031748;GO:0031901;GO:0031931;GO:0031932;GO:0031933;GO:0031935;GO:0031937;GO:0031960;GO:0031965;GO:0031966;GO:0031974;GO:0031981;GO:0031982;GO:0031983;GO:0031984;GO:0031990;GO:0032006;GO:0032008;GO:0032012;GO:0032029;GO:0032039;GO:0032040;GO:0032042;GO:0032050;GO:0032101;GO:0032103;GO:0032147;GO:0032153;GO:0032154;GO:0032155;GO:0032156;GO:0032200;GO:0032204;GO:0032205;GO:0032206;GO:0032210;GO:0032228;GO:0032231;GO:0032233;GO:0032239;GO:0032253;GO:0032259;GO:0032268;GO:0032269;GO:0032270;GO:0032271;GO:0032273;GO:0032279;GO:0032287;GO:0032368;GO:0032370;GO:0032386;GO:0032388;GO:0032392;GO:0032432;GO:0032434;GO:0032436;GO:0032437;GO:0032446;GO:0032465;GO:0032467;GO:0032479;GO:0032481;GO:0032483;GO:0032501;GO:0032502;GO:0032504;GO:0032507;GO:0032508;GO:0032535;GO:0032543;GO:0032553;GO:0032555;GO:0032559;GO:0032663;GO:0032743;GO:0032774;GO:0032784;GO:0032786;GO:0032787;GO:0032809;GO:0032836;GO:0032839;GO:0032868;GO:0032869;GO:0032870;GO:0032872;GO:0032875;GO:0032876;GO:0032879;GO:0032880;GO:0032885;GO:0032886;GO:0032922;GO:0032928;GO:0032930;GO:0032940;GO:0032947;GO:0032956;GO:0032968;GO:0032970;GO:0032984;GO:0032986;GO:0032989;GO:0032990;GO:0032991;GO:0032993;GO:0033002;GO:0033036;GO:0033043;GO:0033044;GO:0033045;GO:0033046;GO:0033047;GO:0033048;GO:0033058;GO:0033059;GO:0033081;GO:0033135;GO:0033137;GO:0033138;GO:0033143;GO:0033144;GO:0033146;GO:0033147;GO:0033153;GO:0033157;GO:0033177;GO:0033178;GO:0033180;GO:0033206;GO:0033260;GO:0033267;GO:0033273;GO:0033275;GO:0033293;GO:0033314;GO:0033365;GO:0033391;GO:0033500;GO:0033522;GO:0033539;GO:0033554;GO:0033559;GO:0033563;GO:0033592;GO:0033601;GO:0033613;GO:0033673;GO:0033674;GO:0033700;GO:0033764;GO:0033865;GO:0033875;GO:0033962;GO:0033993;GO:0034032;GO:0034040;GO:0034059;GO:0034061;GO:0034062;GO:0034063;GO:0034097;GO:0034198;GO:0034204;GO:0034220;GO:0034243;GO:0034248;GO:0034249;GO:0034250;GO:0034284;GO:0034329;GO:0034330;GO:0034332;GO:0034333;GO:0034399;GO:0034401;GO:0034446;GO:0034470;GO:0034501;GO:0034502;GO:0034504;GO:0034508;GO:0034584;GO:0034587;GO:0034605;GO:0034613;GO:0034622;GO:0034634;GO:0034635;GO:0034641;GO:0034643;GO:0034644;GO:0034645;GO:0034654;GO:0034655;GO:0034660;GO:0034702;GO:0034703;GO:0034708;GO:0034724;GO:0034728;GO:0034750;GO:0034762;GO:0034764;GO:0034774;GO:0034775;GO:0034968;GO:0034976;GO:0034990;GO:0034991;GO:0035004;GO:0035005;GO:0035012;GO:0035017;GO:0035019;GO:0035020;GO:0035021;GO:0035022;GO:0035023;GO:0035024;GO:0035039;GO:0035041;GO:0035050;GO:0035051;GO:0035059;GO:0035060;GO:0035063;GO:0035064;GO:0035065;GO:0035068;GO:0035069;GO:0035075;GO:0035076;GO:0035080;GO:0035087;GO:0035088;GO:0035091;GO:0035092;GO:0035093;GO:0035096;GO:0035097;GO:0035107;GO:0035108;GO:0035112;GO:0035113;GO:0035114;GO:0035116;GO:0035120;GO:0035137;GO:0035148;GO:0035149;GO:0035150;GO:0035151;GO:0035152;GO:0035155;GO:0035157;GO:0035158;GO:0035159;GO:0035160;GO:0035171;GO:0035180;GO:0035188;GO:0035194;GO:0035195;GO:0035197;GO:0035198;GO:0035214;GO:0035218;GO:0035220;GO:0035222;GO:0035239;GO:0035257;GO:0035258;GO:0035259;GO:0035262;GO:0035264;GO:0035265;GO:0035272;GO:0035278;GO:0035279;GO:0035280;GO:0035282;GO:0035293;GO:0035295;GO:0035296;GO:0035303;GO:0035305;GO:0035309;GO:0035315;GO:0035327;GO:0035329;GO:0035330;GO:0035331;GO:0035332;GO:0035335;GO:0035363;GO:0035368;GO:0035371;GO:0035383;GO:0035418;GO:0035443;GO:0035518;GO:0035545;GO:0035556;GO:0035561;GO:0035563;GO:0035567;GO:0035591;GO:0035615;GO:0035616;GO:0035622;GO:0035634;GO:0035639;GO:0035640;GO:0035641;GO:0035672;GO:0035673;GO:0035690;GO:0035722;GO:0035770;GO:0035821;GO:0035825;GO:0035855;GO:0035861;GO:0035864;GO:0035865;GO:0035886;GO:0035904;GO:0035987;GO:0036003;GO:0036033;GO:0036041;GO:0036063;GO:0036092;GO:0036094;GO:0036098;GO:0036099;GO:0036123;GO:0036211;GO:0036213;GO:0036230;GO:0036251;GO:0036293;GO:0036310;GO:0036314;GO:0036315;GO:0036335;GO:0036379;GO:0036445;GO:0036449;GO:0036459;GO:0036464;GO:0036465;GO:0036477;GO:0036503;GO:0038023;GO:0038028;GO:0038083;GO:0038111;GO:0038127;GO:0038132;GO:0038179;GO:0038201;GO:0039519;GO:0040001;GO:0040003;GO:0040005;GO:0040007;GO:0040008;GO:0040009;GO:0040011;GO:0040012;GO:0040013;GO:0040014;GO:0040017;GO:0040018;GO:0040019;GO:0040025;GO:0040026;GO:0040027;GO:0040028;GO:0040029;GO:0040033;GO:0040034;GO:0040035;GO:0040038;GO:0042006;GO:0042051;GO:0042054;GO:0042060;GO:0042062;GO:0042063;GO:0042067;GO:0042074;GO:0042078;GO:0042110;GO:0042119;GO:0042125;GO:0042127;GO:0042133;GO:0042136;GO:0042157;GO:0042158;GO:0042162;GO:0042169;GO:0042176;GO:0042177;GO:0042178;GO:0042220;GO:0042221;GO:0042254;GO:0042255;GO:0042270;GO:0042273;GO:0042274;GO:0042303;GO:0042306;GO:0042307;GO:0042325;GO:0042326;GO:0042327;GO:0042330;GO:0042332;GO:0042335;GO:0042359;GO:0042391;GO:0042393;GO:0042407;GO:0042415;GO:0042420;GO:0042421;GO:0042423;GO:0042424;GO:0042439;GO:0042440;GO:0042441;GO:0042445;GO:0042461;GO:0042478;GO:0042480;GO:0042493;GO:0042551;GO:0042552;GO:0042554;GO:0042555;GO:0042558;GO:0042559;GO:0042562;GO:0042578;GO:0042579;GO:0042585;GO:0042592;GO:0042593;GO:0042594;GO:0042623;GO:0042625;GO:0042626;GO:0042633;GO:0042659;GO:0042675;GO:0042676;GO:0042692;GO:0042698;GO:0042706;GO:0042737;GO:0042743;GO:0042752;GO:0042755;GO:0042766;GO:0042770;GO:0042773;GO:0042775;GO:0042776;GO:0042788;GO:0042789;GO:0042795;GO:0042802;GO:0042826;GO:0042886;GO:0042891;GO:0042908;GO:0042910;GO:0042937;GO:0042939;GO:0042981;GO:0042995;GO:0043005;GO:0043009;GO:0043010;GO:0043015;GO:0043021;GO:0043024;GO:0043025;GO:0043034;GO:0043035;GO:0043038;GO:0043039;GO:0043043;GO:0043044;GO:0043046;GO:0043050;GO:0043051;GO:0043056;GO:0043065;GO:0043066;GO:0043067;GO:0043068;GO:0043069;GO:0043073;GO:0043085;GO:0043086;GO:0043087;GO:0043122;GO:0043123;GO:0043138;GO:0043161;GO:0043167;GO:0043168;GO:0043169;GO:0043170;GO:0043177;GO:0043186;GO:0043195;GO:0043197;GO:0043200;GO:0043201;GO:0043202;GO:0043207;GO:0043209;GO:0043217;GO:0043225;GO:0043226;GO:0043227;GO:0043228;GO:0043229;GO:0043231;GO:0043232;GO:0043233;GO:0043242;GO:0043244;GO:0043254;GO:0043255;GO:0043277;GO:0043292;GO:0043295;GO:0043296;GO:0043297;GO:0043299;GO:0043312;GO:0043324;GO:0043368;GO:0043369;GO:0043388;GO:0043394;GO:0043395;GO:0043401;GO:0043405;GO:0043406;GO:0043408;GO:0043409;GO:0043410;GO:0043412;GO:0043414;GO:0043433;GO:0043434;GO:0043436;GO:0043474;GO:0043484;GO:0043486;GO:0043487;GO:0043488;GO:0043492;GO:0043506;GO:0043507;GO:0043523;GO:0043543;GO:0043547;GO:0043548;GO:0043549;GO:0043550;GO:0043551;GO:0043560;GO:0043565;GO:0043583;GO:0043586;GO:0043588;GO:0043596;GO:0043603;GO:0043604;GO:0043618;GO:0043620;GO:0043621;GO:0043624;GO:0043631;GO:0043632;GO:0043648;GO:0043649;GO:0043651;GO:0043652;GO:0043687;GO:0043900;GO:0043902;GO:0043903;GO:0043928;GO:0043933;GO:0043954;GO:0043966;GO:0043967;GO:0043972;GO:0043974;GO:0043981;GO:0043982;GO:0043984;GO:0043994;GO:0044003;GO:0044030;GO:0044057;GO:0044062;GO:0044085;GO:0044087;GO:0044088;GO:0044089;GO:0044090;GO:0044092;GO:0044093;GO:0044106;GO:0044107;GO:0044108;GO:0044212;GO:0044214;GO:0044237;GO:0044238;GO:0044242;GO:0044248;GO:0044249;GO:0044255;GO:0044257;GO:0044260;GO:0044265;GO:0044267;GO:0044270;GO:0044271;GO:0044272;GO:0044281;GO:0044282;GO:0044283;GO:0044291;GO:0044295;GO:0044297;GO:0044298;GO:0044304;GO:0044309;GO:0044320;GO:0044322;GO:0044325;GO:0044326;GO:0044327;GO:0044380;GO:0044389;GO:0044391;GO:0044403;GO:0044417;GO:0044419;GO:0044420;GO:0044421;GO:0044422;GO:0044424;GO:0044427;GO:0044428;GO:0044429;GO:0044430;GO:0044437;GO:0044440;GO:0044444;GO:0044445;GO:0044446;GO:0044447;GO:0044448;GO:0044449;GO:0044450;GO:0044451;GO:0044452;GO:0044454;GO:0044455;GO:0044456;GO:0044459;GO:0044463;GO:0044464;GO:0044531;GO:0044532;GO:0044539;GO:0044545;GO:0044557;GO:0044611;GO:0044648;GO:0044703;GO:0044728;GO:0044753;GO:0044766;GO:0044770;GO:0044772;GO:0044773;GO:0044774;GO:0044783;GO:0044784;GO:0044786;GO:0044788;GO:0044789;GO:0044791;GO:0044798;GO:0044815;GO:0044818;GO:0044819;GO:0044839;GO:0044843;GO:0044853;GO:0044877;GO:0045005;GO:0045017;GO:0045035;GO:0045047;GO:0045055;GO:0045058;GO:0045069;GO:0045070;GO:0045087;GO:0045088;GO:0045089;GO:0045091;GO:0045103;GO:0045104;GO:0045111;GO:0045120;GO:0045121;GO:0045132;GO:0045137;GO:0045138;GO:0045143;GO:0045144;GO:0045165;GO:0045167;GO:0045168;GO:0045169;GO:0045172;GO:0045174;GO:0045175;GO:0045176;GO:0045177;GO:0045178;GO:0045179;GO:0045180;GO:0045182;GO:0045184;GO:0045185;GO:0045186;GO:0045191;GO:0045197;GO:0045202;GO:0045214;GO:0045216;GO:0045239;GO:0045240;GO:0045259;GO:0045261;GO:0045263;GO:0045271;GO:0045275;GO:0045277;GO:0045292;GO:0045295;GO:0045321;GO:0045332;GO:0045333;GO:0045444;GO:0045446;GO:0045451;GO:0045465;GO:0045466;GO:0045468;GO:0045471;GO:0045475;GO:0045494;GO:0045495;GO:0045540;GO:0045541;GO:0045570;GO:0045580;GO:0045595;GO:0045596;GO:0045597;GO:0045606;GO:0045618;GO:0045619;GO:0045637;GO:0045652;GO:0045664;GO:0045665;GO:0045666;GO:0045667;GO:0045668;GO:0045670;GO:0045671;GO:0045684;GO:0045685;GO:0045704;GO:0045705;GO:0045723;GO:0045727;GO:0045732;GO:0045738;GO:0045739;GO:0045746;GO:0045747;GO:0045765;GO:0045773;GO:0045778;GO:0045785;GO:0045786;GO:0045787;GO:0045792;GO:0045793;GO:0045807;GO:0045814;GO:0045815;GO:0045830;GO:0045836;GO:0045859;GO:0045860;GO:0045861;GO:0045862;GO:0045870;GO:0045875;GO:0045879;GO:0045880;GO:0045892;GO:0045893;GO:0045910;GO:0045911;GO:0045923;GO:0045926;GO:0045927;GO:0045930;GO:0045931;GO:0045934;GO:0045935;GO:0045936;GO:0045937;GO:0045939;GO:0045943;GO:0045944;GO:0045947;GO:0045950;GO:0045962;GO:0045974;GO:0045995;GO:0046011;GO:0046012;GO:0046034;GO:0046040;GO:0046068;GO:0046148;GO:0046165;GO:0046173;GO:0046189;GO:0046293;GO:0046326;GO:0046328;GO:0046330;GO:0046331;GO:0046332;GO:0046333;GO:0046348;GO:0046394;GO:0046395;GO:0046425;GO:0046426;GO:0046427;GO:0046456;GO:0046457;GO:0046461;GO:0046464;GO:0046466;GO:0046474;GO:0046483;GO:0046486;GO:0046488;GO:0046514;GO:0046530;GO:0046532;GO:0046533;GO:0046546;GO:0046552;GO:0046578;GO:0046579;GO:0046580;GO:0046581;GO:0046602;GO:0046605;GO:0046618;GO:0046620;GO:0046621;GO:0046622;GO:0046623;GO:0046624;GO:0046631;GO:0046632;GO:0046649;GO:0046661;GO:0046666;GO:0046667;GO:0046677;GO:0046683;GO:0046700;GO:0046717;GO:0046777;GO:0046784;GO:0046794;GO:0046822;GO:0046824;GO:0046825;GO:0046831;GO:0046834;GO:0046843;GO:0046854;GO:0046872;GO:0046873;GO:0046883;GO:0046887;GO:0046903;GO:0046906;GO:0046907;GO:0046916;GO:0046933;GO:0046942;GO:0046958;GO:0046959;GO:0046966;GO:0046974;GO:0046976;GO:0046982;GO:0046983;GO:0047485;GO:0047497;GO:0048009;GO:0048011;GO:0048015;GO:0048016;GO:0048024;GO:0048037;GO:0048039;GO:0048048;GO:0048056;GO:0048069;GO:0048073;GO:0048076;GO:0048096;GO:0048103;GO:0048132;GO:0048133;GO:0048134;GO:0048135;GO:0048145;GO:0048167;GO:0048190;GO:0048193;GO:0048229;GO:0048232;GO:0048259;GO:0048284;GO:0048285;GO:0048311;GO:0048312;GO:0048332;GO:0048365;GO:0048367;GO:0048468;GO:0048469;GO:0048471;GO:0048475;GO:0048477;GO:0048487;GO:0048489;GO:0048511;GO:0048512;GO:0048513;GO:0048514;GO:0048515;GO:0048518;GO:0048519;GO:0048521;GO:0048522;GO:0048523;GO:0048524;GO:0048534;GO:0048545;GO:0048546;GO:0048562;GO:0048563;GO:0048565;GO:0048566;GO:0048568;GO:0048569;GO:0048580;GO:0048581;GO:0048582;GO:0048583;GO:0048584;GO:0048585;GO:0048588;GO:0048589;GO:0048592;GO:0048593;GO:0048596;GO:0048598;GO:0048599;GO:0048608;GO:0048609;GO:0048638;GO:0048639;GO:0048640;GO:0048644;GO:0048646;GO:0048666;GO:0048667;GO:0048699;GO:0048704;GO:0048707;GO:0048708;GO:0048713;GO:0048729;GO:0048730;GO:0048731;GO:0048732;GO:0048736;GO:0048737;GO:0048738;GO:0048739;GO:0048749;GO:0048754;GO:0048769;GO:0048786;GO:0048790;GO:0048806;GO:0048808;GO:0048812;GO:0048813;GO:0048814;GO:0048839;GO:0048841;GO:0048842;GO:0048844;GO:0048854;GO:0048856;GO:0048858;GO:0048859;GO:0048863;GO:0048864;GO:0048865;GO:0048867;GO:0048869;GO:0048870;GO:0048871;GO:0048872;GO:0048878;GO:0050000;GO:0050136;GO:0050427;GO:0050434;GO:0050610;GO:0050657;GO:0050658;GO:0050662;GO:0050665;GO:0050673;GO:0050678;GO:0050679;GO:0050680;GO:0050681;GO:0050684;GO:0050686;GO:0050688;GO:0050691;GO:0050708;GO:0050714;GO:0050731;GO:0050747;GO:0050767;GO:0050768;GO:0050769;GO:0050770;GO:0050772;GO:0050773;GO:0050775;GO:0050776;GO:0050778;GO:0050789;GO:0050790;GO:0050792;GO:0050793;GO:0050794;GO:0050795;GO:0050796;GO:0050801;GO:0050803;GO:0050804;GO:0050806;GO:0050807;GO:0050808;GO:0050830;GO:0050833;GO:0050839;GO:0050848;GO:0050863;GO:0050864;GO:0050865;GO:0050867;GO:0050877;GO:0050880;GO:0050882;GO:0050890;GO:0050896;GO:0050900;GO:0050905;GO:0050910;GO:0050920;GO:0050921;GO:0050954;GO:0050966;GO:0050982;GO:0051010;GO:0051011;GO:0051015;GO:0051020;GO:0051028;GO:0051046;GO:0051047;GO:0051048;GO:0051049;GO:0051050;GO:0051051;GO:0051052;GO:0051053;GO:0051054;GO:0051055;GO:0051056;GO:0051057;GO:0051058;GO:0051090;GO:0051093;GO:0051094;GO:0051098;GO:0051099;GO:0051101;GO:0051102;GO:0051103;GO:0051124;GO:0051128;GO:0051129;GO:0051130;GO:0051145;GO:0051146;GO:0051147;GO:0051168;GO:0051169;GO:0051170;GO:0051171;GO:0051172;GO:0051173;GO:0051174;GO:0051177;GO:0051179;GO:0051186;GO:0051188;GO:0051222;GO:0051223;GO:0051224;GO:0051225;GO:0051231;GO:0051233;GO:0051234;GO:0051235;GO:0051236;GO:0051239;GO:0051240;GO:0051241;GO:0051246;GO:0051247;GO:0051248;GO:0051249;GO:0051251;GO:0051252;GO:0051253;GO:0051254;GO:0051255;GO:0051256;GO:0051257;GO:0051259;GO:0051261;GO:0051262;GO:0051270;GO:0051271;GO:0051272;GO:0051276;GO:0051284;GO:0051289;GO:0051293;GO:0051294;GO:0051295;GO:0051301;GO:0051302;GO:0051303;GO:0051304;GO:0051305;GO:0051307;GO:0051309;GO:0051310;GO:0051315;GO:0051321;GO:0051336;GO:0051338;GO:0051345;GO:0051346;GO:0051347;GO:0051383;GO:0051384;GO:0051403;GO:0051418;GO:0051427;GO:0051457;GO:0051480;GO:0051493;GO:0051494;GO:0051495;GO:0051496;GO:0051567;GO:0051568;GO:0051570;GO:0051574;GO:0051591;GO:0051592;GO:0051597;GO:0051603;GO:0051607;GO:0051640;GO:0051641;GO:0051642;GO:0051646;GO:0051647;GO:0051648;GO:0051649;GO:0051650;GO:0051651;GO:0051653;GO:0051654;GO:0051656;GO:0051657;GO:0051661;GO:0051668;GO:0051674;GO:0051701;GO:0051702;GO:0051704;GO:0051705;GO:0051707;GO:0051716;GO:0051726;GO:0051754;GO:0051781;GO:0051783;GO:0051785;GO:0051817;GO:0051836;GO:0051851;GO:0051879;GO:0051880;GO:0051893;GO:0051896;GO:0051923;GO:0051930;GO:0051931;GO:0051941;GO:0051946;GO:0051960;GO:0051961;GO:0051962;GO:0051963;GO:0051966;GO:0051983;GO:0051984;GO:0051985;GO:0052040;GO:0052248;GO:0052433;GO:0052742;GO:0055001;GO:0055002;GO:0055003;GO:0055006;GO:0055013;GO:0055029;GO:0055057;GO:0055059;GO:0055065;GO:0055072;GO:0055074;GO:0055076;GO:0055080;GO:0055082;GO:0055085;GO:0055086;GO:0055088;GO:0055090;GO:0055114;GO:0055116;GO:0055123;GO:0060008;GO:0060009;GO:0060019;GO:0060033;GO:0060038;GO:0060041;GO:0060043;GO:0060047;GO:0060048;GO:0060052;GO:0060065;GO:0060075;GO:0060087;GO:0060088;GO:0060089;GO:0060090;GO:0060101;GO:0060117;GO:0060147;GO:0060148;GO:0060149;GO:0060173;GO:0060205;GO:0060211;GO:0060213;GO:0060216;GO:0060236;GO:0060249;GO:0060250;GO:0060255;GO:0060259;GO:0060281;GO:0060284;GO:0060293;GO:0060316;GO:0060318;GO:0060322;GO:0060323;GO:0060324;GO:0060325;GO:0060326;GO:0060332;GO:0060335;GO:0060341;GO:0060348;GO:0060359;GO:0060378;GO:0060402;GO:0060415;GO:0060419;GO:0060429;GO:0060438;GO:0060439;GO:0060456;GO:0060491;GO:0060509;GO:0060512;GO:0060537;GO:0060538;GO:0060541;GO:0060548;GO:0060560;GO:0060562;GO:0060571;GO:0060573;GO:0060581;GO:0060589;GO:0060606;GO:0060627;GO:0060631;GO:0060644;GO:0060675;GO:0060740;GO:0060759;GO:0060761;GO:0060765;GO:0060768;GO:0060810;GO:0060811;GO:0060828;GO:0060840;GO:0060900;GO:0060903;GO:0060947;GO:0060948;GO:0060964;GO:0060966;GO:0060967;GO:0060968;GO:0060969;GO:0060976;GO:0060977;GO:0060982;GO:0060993;GO:0060996;GO:0060997;GO:0060998;GO:0060999;GO:0061001;GO:0061003;GO:0061008;GO:0061013;GO:0061014;GO:0061024;GO:0061028;GO:0061038;GO:0061053;GO:0061061;GO:0061062;GO:0061063;GO:0061064;GO:0061065;GO:0061077;GO:0061134;GO:0061135;GO:0061136;GO:0061138;GO:0061157;GO:0061158;GO:0061174;GO:0061245;GO:0061303;GO:0061326;GO:0061333;GO:0061351;GO:0061383;GO:0061384;GO:0061387;GO:0061392;GO:0061393;GO:0061404;GO:0061416;GO:0061448;GO:0061458;GO:0061505;GO:0061525;GO:0061548;GO:0061564;GO:0061572;GO:0061630;GO:0061640;GO:0061647;GO:0061649;GO:0061659;GO:0061695;GO:0061733;GO:0061774;GO:0061781;GO:0061842;GO:0061867;GO:0061919;GO:0061980;GO:0061982;GO:0061983;GO:0061988;GO:0062012;GO:0062013;GO:0062023;GO:0065001;GO:0065003;GO:0065004;GO:0065007;GO:0065008;GO:0065009;GO:0070011;GO:0070013;GO:0070016;GO:0070035;GO:0070058;GO:0070063;GO:0070069;GO:0070087;GO:0070097;GO:0070160;GO:0070161;GO:0070180;GO:0070182;GO:0070192;GO:0070193;GO:0070201;GO:0070209;GO:0070212;GO:0070228;GO:0070252;GO:0070255;GO:0070257;GO:0070293;GO:0070300;GO:0070302;GO:0070328;GO:0070372;GO:0070413;GO:0070419;GO:0070436;GO:0070469;GO:0070482;GO:0070491;GO:0070507;GO:0070528;GO:0070542;GO:0070550;GO:0070551;GO:0070577;GO:0070587;GO:0070588;GO:0070603;GO:0070615;GO:0070646;GO:0070647;GO:0070650;GO:0070671;GO:0070717;GO:0070727;GO:0070734;GO:0070775;GO:0070776;GO:0070820;GO:0070822;GO:0070828;GO:0070830;GO:0070831;GO:0070848;GO:0070849;GO:0070860;GO:0070868;GO:0070887;GO:0070911;GO:0070914;GO:0070925;GO:0070938;GO:0070972;GO:0070989;GO:0071013;GO:0071014;GO:0071103;GO:0071108;GO:0071139;GO:0071156;GO:0071158;GO:0071166;GO:0071214;GO:0071216;GO:0071219;GO:0071222;GO:0071229;GO:0071230;GO:0071233;GO:0071241;GO:0071277;GO:0071286;GO:0071310;GO:0071322;GO:0071326;GO:0071331;GO:0071333;GO:0071339;GO:0071345;GO:0071349;GO:0071354;GO:0071363;GO:0071364;GO:0071375;GO:0071383;GO:0071390;GO:0071391;GO:0071396;GO:0071407;GO:0071417;GO:0071426;GO:0071427;GO:0071450;GO:0071451;GO:0071459;GO:0071466;GO:0071470;GO:0071472;GO:0071475;GO:0071478;GO:0071482;GO:0071495;GO:0071496;GO:0071539;GO:0071547;GO:0071564;GO:0071565;GO:0071614;GO:0071680;GO:0071681;GO:0071684;GO:0071695;GO:0071702;GO:0071704;GO:0071705;GO:0071733;GO:0071804;GO:0071805;GO:0071824;GO:0071826;GO:0071840;GO:0071847;GO:0071850;GO:0071889;GO:0071897;GO:0071900;GO:0071901;GO:0071902;GO:0071922;GO:0071923;GO:0071944;GO:0071963;GO:0071997;GO:0072001;GO:0072002;GO:0072017;GO:0072025;GO:0072028;GO:0072078;GO:0072080;GO:0072088;GO:0072089;GO:0072091;GO:0072170;GO:0072171;GO:0072175;GO:0072207;GO:0072221;GO:0072234;GO:0072235;GO:0072243;GO:0072325;GO:0072327;GO:0072329;GO:0072330;GO:0072331;GO:0072341;GO:0072347;GO:0072358;GO:0072359;GO:0072367;GO:0072368;GO:0072384;GO:0072401;GO:0072422;GO:0072425;GO:0072431;GO:0072499;GO:0072503;GO:0072507;GO:0072511;GO:0072520;GO:0072521;GO:0072555;GO:0072576;GO:0072577;GO:0072582;GO:0072593;GO:0072594;GO:0072595;GO:0072599;GO:0072657;GO:0072659;GO:0072665;GO:0072666;GO:0072686;GO:0072687;GO:0072697;GO:0072710;GO:0072711;GO:0072718;GO:0075733;GO:0080084;GO:0080090;GO:0080134;GO:0080135;GO:0080154;GO:0080182;GO:0085029;GO:0086003;GO:0086037;GO:0089717;GO:0090043;GO:0090063;GO:0090066;GO:0090068;GO:0090087;GO:0090090;GO:0090092;GO:0090102;GO:0090109;GO:0090130;GO:0090132;GO:0090136;GO:0090138;GO:0090150;GO:0090169;GO:0090181;GO:0090188;GO:0090202;GO:0090206;GO:0090224;GO:0090239;GO:0090257;GO:0090263;GO:0090276;GO:0090287;GO:0090288;GO:0090304;GO:0090305;GO:0090307;GO:0090311;GO:0090312;GO:0090316;GO:0090322;GO:0090328;GO:0090329;GO:0090435;GO:0090501;GO:0090502;GO:0090537;GO:0090558;GO:0090568;GO:0090575;GO:0090579;GO:0090596;GO:0090598;GO:0090624;GO:0090625;GO:0090630;GO:0090662;GO:0090727;GO:0090734;GO:0097017;GO:0097035;GO:0097051;GO:0097060;GO:0097061;GO:0097067;GO:0097084;GO:0097149;GO:0097159;GO:0097164;GO:0097190;GO:0097191;GO:0097193;GO:0097237;GO:0097305;GO:0097306;GO:0097320;GO:0097327;GO:0097329;GO:0097332;GO:0097367;GO:0097402;GO:0097431;GO:0097435;GO:0097440;GO:0097447;GO:0097458;GO:0097470;GO:0097479;GO:0097480;GO:0097485;GO:0097549;GO:0097552;GO:0097574;GO:0097575;GO:0097617;GO:0097659;GO:0097677;GO:0097678;GO:0097681;GO:0097696;GO:0097708;GO:0097746;GO:0097747;GO:0097756;GO:0098531;GO:0098532;GO:0098534;GO:0098542;GO:0098554;GO:0098556;GO:0098562;GO:0098586;GO:0098589;GO:0098590;GO:0098609;GO:0098655;GO:0098657;GO:0098660;GO:0098662;GO:0098687;GO:0098722;GO:0098727;GO:0098728;GO:0098742;GO:0098754;GO:0098760;GO:0098761;GO:0098771;GO:0098772;GO:0098773;GO:0098781;GO:0098793;GO:0098794;GO:0098795;GO:0098796;GO:0098798;GO:0098800;GO:0098803;GO:0098805;GO:0098808;GO:0098813;GO:0098840;GO:0098852;GO:0098857;GO:0098869;GO:0098877;GO:0098885;GO:0098916;GO:0098928;GO:0098930;GO:0098935;GO:0098937;GO:0098961;GO:0098963;GO:0098964;GO:0098969;GO:0098984;GO:0099003;GO:0099023;GO:0099024;GO:0099039;GO:0099080;GO:0099081;GO:0099086;GO:0099118;GO:0099131;GO:0099132;GO:0099133;GO:0099177;GO:0099178;GO:0099503;GO:0099504;GO:0099512;GO:0099513;GO:0099519;GO:0099526;GO:0099536;GO:0099537;GO:0099558;GO:0099566;GO:0099568;GO:0099572;GO:0099632;GO:0099637;GO:0099640;GO:0099643;GO:0099738	CURRENT_MATCHING_EVIDENCE	RETAIN_FOR_PIPELINE_VALIDATION	Broad regulatory / cellular process is intentionally retained as a validation-level result. Its broad recovery is expected and is used to demonstrate that the current FSF pipeline recovers the large regulatory/cellular-process signal described in the manuscript. This broad category must not be interpreted as evidence for a specific biological mechanism or condition-specific pathway.
GO_12	scripts/current/build_current_biological_review_package.R	GO_THEME_MAPPING	Unclassified / manual review	fallback:TRUE	Unclassified / manual review	manual	REQUIRES_AUTHOR_REVIEW	0	0	NA	AMBIGUOUS_REQUIRES_AUTHOR_REVIEW	EXCLUDE_FROM_INTERPRETATION	No current matching terms or gene sets. Retain only as the defined fallback / manual-review category and do not use it for biological interpretation.
