source	destination	status	exists_after_copy	file_size_bytes
/media/saji/5E06441D0643F5152/FSF_SIGNAL_STRATIFICATION/results/real_data/final_manuscript_tables/Table_SignalClass_Biology_CURATED.tsv	/media/saji/5E06441D0643F5152/FSF_SIGNAL_STRATIFICATION/results/manuscript/tables/main/Table_SignalClass_Biology_CURATED.tsv	copied	TRUE	36003
/media/saji/5E06441D0643F5152/FSF_SIGNAL_STRATIFICATION/results/real_data/final_manuscript_tables/Table_Condition_SignalArchitecture_CURATED.tsv	/media/saji/5E06441D0643F5152/FSF_SIGNAL_STRATIFICATION/results/manuscript/tables/main/Table_Condition_SignalArchitecture_CURATED.tsv	copied	TRUE	2917
/media/saji/5E06441D0643F5152/FSF_SIGNAL_STRATIFICATION/results/real_data/final_manuscript_tables/Table_PaperFocus_SignalClasses_CURATED.tsv	/media/saji/5E06441D0643F5152/FSF_SIGNAL_STRATIFICATION/results/manuscript/tables/main/Table_PaperFocus_SignalClasses_CURATED.tsv	copied	TRUE	34258
/media/saji/5E06441D0643F5152/FSF_SIGNAL_STRATIFICATION/results/real_data/enrichment_gene_sets/FSF_enrichment_gene_set_summary.tsv	/media/saji/5E06441D0643F5152/FSF_SIGNAL_STRATIFICATION/results/manuscript/tables/main/FSF_enrichment_gene_set_summary.tsv	copied	TRUE	4564
/media/saji/5E06441D0643F5152/FSF_SIGNAL_STRATIFICATION/results/real_data/enrichment_GO_interpretation/FSF_GO_biological_theme_summary.tsv	/media/saji/5E06441D0643F5152/FSF_SIGNAL_STRATIFICATION/results/manuscript/tables/main/FSF_GO_biological_theme_summary.tsv	copied	TRUE	13221
/media/saji/5E06441D0643F5152/FSF_SIGNAL_STRATIFICATION/results/real_data/enrichment_KEGG_interpretation/FSF_KEGG_biological_theme_summary.tsv	/media/saji/5E06441D0643F5152/FSF_SIGNAL_STRATIFICATION/results/manuscript/tables/main/FSF_KEGG_biological_theme_summary.tsv	copied	TRUE	10344
/media/saji/5E06441D0643F5152/FSF_SIGNAL_STRATIFICATION/results/real_data/class_annotation/FSF_condition_class_annotation_master.tsv	/media/saji/5E06441D0643F5152/FSF_SIGNAL_STRATIFICATION/results/manuscript/tables/supplementary/FSF_condition_class_annotation_master.tsv	copied	TRUE	1235282601
/media/saji/5E06441D0643F5152/FSF_SIGNAL_STRATIFICATION/results/real_data/class_annotation/FSF_condition_class_annotation_summary.tsv	/media/saji/5E06441D0643F5152/FSF_SIGNAL_STRATIFICATION/results/manuscript/tables/supplementary/FSF_condition_class_annotation_summary.tsv	copied	TRUE	8444
/media/saji/5E06441D0643F5152/FSF_SIGNAL_STRATIFICATION/results/real_data/annotation_master/FSF_v1_annotation_master.tsv	/media/saji/5E06441D0643F5152/FSF_SIGNAL_STRATIFICATION/results/manuscript/tables/supplementary/FSF_v1_annotation_master.tsv	copied	TRUE	203946583
/media/saji/5E06441D0643F5152/FSF_SIGNAL_STRATIFICATION/results/real_data/annotation_master/FSF_v1_annotation_coverage_summary.tsv	/media/saji/5E06441D0643F5152/FSF_SIGNAL_STRATIFICATION/results/manuscript/tables/supplementary/FSF_v1_annotation_coverage_summary.tsv	copied	TRUE	451
/media/saji/5E06441D0643F5152/FSF_SIGNAL_STRATIFICATION/results/real_data/annotation_master/FSF_v1_annotation_layer_statistics.tsv	/media/saji/5E06441D0643F5152/FSF_SIGNAL_STRATIFICATION/results/manuscript/tables/supplementary/FSF_v1_annotation_layer_statistics.tsv	copied	TRUE	221
/media/saji/5E06441D0643F5152/FSF_SIGNAL_STRATIFICATION/results/real_data/enrichment_GO/FSF_GO_annotation_QC.tsv	/media/saji/5E06441D0643F5152/FSF_SIGNAL_STRATIFICATION/results/manuscript/tables/supplementary/FSF_GO_annotation_QC.tsv	copied	TRUE	238
/media/saji/5E06441D0643F5152/FSF_SIGNAL_STRATIFICATION/results/real_data/enrichment_GO/FSF_GO_enrichment_summary_by_gene_set.tsv	/media/saji/5E06441D0643F5152/FSF_SIGNAL_STRATIFICATION/results/manuscript/tables/supplementary/FSF_GO_enrichment_summary_by_gene_set.tsv	copied	TRUE	4670
/media/saji/5E06441D0643F5152/FSF_SIGNAL_STRATIFICATION/results/real_data/enrichment_GO/FSF_significant_GO_enrichment_FDR005.tsv	/media/saji/5E06441D0643F5152/FSF_SIGNAL_STRATIFICATION/results/manuscript/tables/supplementary/FSF_significant_GO_enrichment_FDR005.tsv	copied	TRUE	9759405
/media/saji/5E06441D0643F5152/FSF_SIGNAL_STRATIFICATION/results/real_data/enrichment_KEGG/FSF_KEGG_annotation_QC.tsv	/media/saji/5E06441D0643F5152/FSF_SIGNAL_STRATIFICATION/results/manuscript/tables/supplementary/FSF_KEGG_annotation_QC.tsv	copied	TRUE	152
/media/saji/5E06441D0643F5152/FSF_SIGNAL_STRATIFICATION/results/real_data/enrichment_KEGG/FSF_KEGG_enrichment_summary_by_gene_set.tsv	/media/saji/5E06441D0643F5152/FSF_SIGNAL_STRATIFICATION/results/manuscript/tables/supplementary/FSF_KEGG_enrichment_summary_by_gene_set.tsv	copied	TRUE	9690
/media/saji/5E06441D0643F5152/FSF_SIGNAL_STRATIFICATION/results/real_data/enrichment_KEGG/FSF_significant_KEGG_enrichment_FDR005.tsv	/media/saji/5E06441D0643F5152/FSF_SIGNAL_STRATIFICATION/results/manuscript/tables/supplementary/FSF_significant_KEGG_enrichment_FDR005.tsv	copied	TRUE	329550
/media/saji/5E06441D0643F5152/FSF_SIGNAL_STRATIFICATION/results/real_data/final_biological_theme_curation/FSF_curated_signal_class_biology.tsv	/media/saji/5E06441D0643F5152/FSF_SIGNAL_STRATIFICATION/results/manuscript/tables/supplementary/FSF_curated_signal_class_biology.tsv	copied	TRUE	36003
/media/saji/5E06441D0643F5152/FSF_SIGNAL_STRATIFICATION/results/real_data/final_biological_theme_curation/FSF_curated_condition_architecture_summary.tsv	/media/saji/5E06441D0643F5152/FSF_SIGNAL_STRATIFICATION/results/manuscript/tables/supplementary/FSF_curated_condition_architecture_summary.tsv	copied	TRUE	2917
/media/saji/5E06441D0643F5152/FSF_SIGNAL_STRATIFICATION/results/real_data/final_biological_theme_curation/FSF_curated_theme_frequency.tsv	/media/saji/5E06441D0643F5152/FSF_SIGNAL_STRATIFICATION/results/manuscript/tables/supplementary/FSF_curated_theme_frequency.tsv	copied	TRUE	659
/media/saji/5E06441D0643F5152/FSF_SIGNAL_STRATIFICATION/results/real_data/enrichment_GO/FSF_all_GO_enrichment_results.tsv	/media/saji/5E06441D0643F5152/FSF_SIGNAL_STRATIFICATION/results/manuscript/tables/supplementary/FSF_all_GO_enrichment_results.tsv	copied	TRUE	140100877
/media/saji/5E06441D0643F5152/FSF_SIGNAL_STRATIFICATION/results/real_data/enrichment_KEGG/FSF_all_KEGG_enrichment_results.tsv	/media/saji/5E06441D0643F5152/FSF_SIGNAL_STRATIFICATION/results/manuscript/tables/supplementary/FSF_all_KEGG_enrichment_results.tsv	copied	TRUE	15846802
/media/saji/5E06441D0643F5152/FSF_SIGNAL_STRATIFICATION/results/real_data/stability_landscape/*.{pdf,png}	NA	no_match	FALSE	NA
/media/saji/5E06441D0643F5152/FSF_SIGNAL_STRATIFICATION/results/real_data/*figure*.{pdf,png}	NA	no_match	FALSE	NA
/media/saji/5E06441D0643F5152/FSF_SIGNAL_STRATIFICATION/results/figures/*.{pdf,png}	NA	no_match	FALSE	NA
/media/saji/5E06441D0643F5152/FSF_SIGNAL_STRATIFICATION/results/tables/*probability*triangle*.{pdf,png}	NA	no_match	FALSE	NA
/media/saji/5E06441D0643F5152/FSF_SIGNAL_STRATIFICATION/results/real_data/**/plots/*.{pdf,png}	NA	no_match	FALSE	NA
/media/saji/5E06441D0643F5152/FSF_SIGNAL_STRATIFICATION/results/real_data/**/*plot*.{pdf,png}	NA	no_match	FALSE	NA
/media/saji/5E06441D0643F5152/FSF_SIGNAL_STRATIFICATION/results/real_data/**/*heatmap*.{pdf,png}	NA	no_match	FALSE	NA
/media/saji/5E06441D0643F5152/FSF_SIGNAL_STRATIFICATION/results/real_data/**/*barplot*.{pdf,png}	NA	no_match	FALSE	NA
/media/saji/5E06441D0643F5152/FSF_SIGNAL_STRATIFICATION/results/synthetic/**/*.{pdf,png}	NA	no_match	FALSE	NA
/media/saji/5E06441D0643F5152/FSF_SIGNAL_STRATIFICATION/results/benchmark*/**/*.{pdf,png}	NA	no_match	FALSE	NA
/media/saji/5E06441D0643F5152/FSF_SIGNAL_STRATIFICATION/results/synthetic/noise_gradient/noise_gradient_confusion.tsv	/media/saji/5E06441D0643F5152/FSF_SIGNAL_STRATIFICATION/results/manuscript/tables/supplementary/synthetic_or_benchmark__noise_gradient_confusion.tsv	copied	TRUE	2351
/media/saji/5E06441D0643F5152/FSF_SIGNAL_STRATIFICATION/results/synthetic/noise_gradient/noise_gradient_feature_metrics.tsv	/media/saji/5E06441D0643F5152/FSF_SIGNAL_STRATIFICATION/results/manuscript/tables/supplementary/synthetic_or_benchmark__noise_gradient_feature_metrics.tsv	copied	TRUE	1716115
/media/saji/5E06441D0643F5152/FSF_SIGNAL_STRATIFICATION/results/synthetic/noise_gradient/noise_gradient_recovery_rate.tsv	/media/saji/5E06441D0643F5152/FSF_SIGNAL_STRATIFICATION/results/manuscript/tables/supplementary/synthetic_or_benchmark__noise_gradient_recovery_rate.tsv	copied	TRUE	962
/media/saji/5E06441D0643F5152/FSF_SIGNAL_STRATIFICATION/results/synthetic/noise_gradient/noise_gradient_summary.tsv	/media/saji/5E06441D0643F5152/FSF_SIGNAL_STRATIFICATION/results/manuscript/tables/supplementary/synthetic_or_benchmark__noise_gradient_summary.tsv	copied	TRUE	1914
/media/saji/5E06441D0643F5152/FSF_SIGNAL_STRATIFICATION/results/synthetic/tau_sensitivity/tau_sensitivity_class_counts.tsv	/media/saji/5E06441D0643F5152/FSF_SIGNAL_STRATIFICATION/results/manuscript/tables/supplementary/synthetic_or_benchmark__tau_sensitivity_class_counts.tsv	copied	TRUE	1205
/media/saji/5E06441D0643F5152/FSF_SIGNAL_STRATIFICATION/results/synthetic/tau_sensitivity/tau_sensitivity_feature_metrics.tsv	/media/saji/5E06441D0643F5152/FSF_SIGNAL_STRATIFICATION/results/manuscript/tables/supplementary/synthetic_or_benchmark__tau_sensitivity_feature_metrics.tsv	copied	TRUE	2118527
/media/saji/5E06441D0643F5152/FSF_SIGNAL_STRATIFICATION/results/synthetic/tau_sensitivity/tau_sensitivity_summary.tsv	/media/saji/5E06441D0643F5152/FSF_SIGNAL_STRATIFICATION/results/manuscript/tables/supplementary/synthetic_or_benchmark__tau_sensitivity_summary.tsv	copied	TRUE	953
/media/saji/5E06441D0643F5152/FSF_SIGNAL_STRATIFICATION/results/benchmark*/**/*.tsv	NA	no_match	FALSE	NA
/media/saji/5E06441D0643F5152/FSF_SIGNAL_STRATIFICATION/results/tables/FSF_v1_final_benchmark_report.tsv	/media/saji/5E06441D0643F5152/FSF_SIGNAL_STRATIFICATION/results/manuscript/tables/supplementary/synthetic_or_benchmark__FSF_v1_final_benchmark_report.tsv	copied	TRUE	6472
/media/saji/5E06441D0643F5152/FSF_SIGNAL_STRATIFICATION/results/tables/FSF_v1_key_results_for_manuscript.tsv	/media/saji/5E06441D0643F5152/FSF_SIGNAL_STRATIFICATION/results/manuscript/tables/supplementary/synthetic_or_benchmark__FSF_v1_key_results_for_manuscript.tsv	copied	TRUE	1295
/media/saji/5E06441D0643F5152/FSF_SIGNAL_STRATIFICATION/results/tables/fsf_probability_triangle_ready_table.tsv	/media/saji/5E06441D0643F5152/FSF_SIGNAL_STRATIFICATION/results/manuscript/tables/supplementary/synthetic_or_benchmark__fsf_probability_triangle_ready_table.tsv	copied	TRUE	296217
